报告ID,死亡人数,受伤人数,经济损失_万元,原因分析文本,Severity_Level
2014年揭阳市“3·26”重大火灾事故调查报告,12,5,390.93,直接原因：郑某某用其父亲郑晓生抽烟留下的打火机玩火，引燃一楼楼梯口南侧堆放的海绵内衣罩杯半成品堆垛所致。间接原因：1.郑晓生内衣作坊存在严重消防安全隐患，包括擅自改变建筑用途和性质、安全条件差、疏散通道堆放大量易燃物品、经营者消防安全意识淡薄。2.工商部门查处无照经营行为不力。3.供电部门履行用电检查职责不到位，未能发现并纠正非法转供工业用电。4.劳动部门履行劳动用工检查职责不到位，对非法用工失察。5.公安消防部门和派出所督促、指导村委会履行消防安全职责不力。6.安全生产监管部门督促协调不力。7.莲坛村委会及沙堆村贯彻执行上级政府和有关部门关于消防安全隐患整治的工作部署不力。8.军埠镇政府落实消防安全责任制和监督管理不到位，对违规建筑缺乏监管、排查整治不力、监督检查指导不力，且个别干部涉嫌滥用职权。9.普宁市政府落实消防安全责任制不到位，对相关部门监管不力、执法不严等问题失察。,2
2019年胪厦村“11·29”火灾事故调查报告,1,2,0,胪厦工业区5-3号简易搭盖彩钢板房二层西侧第一间西侧区域电气线路故障引燃泡沫夹心彩钢板是造成本起火灾事故的直接原因。胪厦村村委会、城门镇政府对“两违”清理整治工作及建筑工程安全隐患大排查大整治工作不落实、对违法建设行为查处不力，对发生火灾房屋日常监管缺失，履职不到位；城门镇国土所未对辖区违法建设行为进行巡查；仓山区“两违”办、整治办对城门镇、胪厦村“两违”整治和建筑工程大排查大整治工作督促、指导不到位是造成本起火灾事故的间接原因。,0
2022·12·1”较大火灾延伸调查报告,5,3,0,直接原因为小孩在6号楼1层东侧门厅使用打火机点燃纸张，引燃该门厅西北角放置的杂物起火。成灾原因包括：6号楼1层公共区域墙面装饰板为可燃材料，导致火势快速蔓延并产生大量高温有毒烟气；疏散楼梯间及消防电梯合用前室未安装防火门，防火防烟分区被破坏，火灾烟气扩散；机械防烟系统未启动，浓烟大量涌入疏散楼梯间；小区消防控制室无人值守，消防控制柜故障，感烟探测器防尘罩未摘除，导致火情未能第一时间发现并有效处置；物业单位未及时清理公共区域堆放的可燃物，存在电动自行车进楼入户现象，初期火灾扑救不力；小区占用消防车登高操作场地，影响疏散救援；部分居民冒险离家或开门逃生不当，导致吸入有毒烟气造成伤亡或被困。,1
“10?15”一般火灾事故调查处理情况,0,0,675.0509,直接原因是强慧公司员工郭洁在C8栋27档中使用电饭煲煮食，该档口营业大厅中部靠东侧位置电源线路短路产生的高温熔珠引燃附近的可燃物所致。间接原因包括：强慧公司消防安全主体责任不落实，存在线路乱拉乱接、电线附近堆放可燃物、未规范安装漏电保护、未重视电饭煲煮食隐患等问题；好又快公司消防安全责任不落实，消防安全管理混乱，日常消防安全检查不彻底，未能及时消除用电隐患及消防设施不完善；八方物流公司出租场所消防安全管理责任不落实，未能对承租单位的消防安全工作统一协调、管理，未能及时发现并制止承租方存在的消防安全隐患；相关监管单位（滘心村经济联社及各经济社）未有效落实消防安全监管责任，对所辖范围的消防隐患未能进行有效巡查、发现、报告和处理，排查力度不够。,0
“11.10”水木兰亭住宅较大火灾事故调查报告,3,0,0,直接原因：死者家中西北侧儿童房内高低床一层西北角放置的扫地机器人电气故障引燃其周围被褥，床板等可燃物起火，蔓延至房间其他部位，因起火房间较小且窗户锁闭，空气流通不畅，屋内物品燃烧不充分，产生大量有毒烟气，导致人员在逃生过程中死亡。间接原因：1.儿童房内起火点处的电器残骸与户主家的扫地机器人一致，除此之外无其他电器残骸，该款扫地机器人为男户主胡某3月份购买智能门锁的赠品，无商标、合格证、生产厂家名称，存在较大安全隐患。2.起火建筑内门窗紧闭，通风不畅，火灾发生后产生的大量有毒烟气，通过房间顶部迅速向其他房间扩散，造成被困人员逃生自救困难。3.起火建筑人员消防安全意识不强，对电气火灾的危害性认识不足，周围邻居在发现火灾后也未在第一时间报警。4.起火时间在凌晨，起火部位在儿童房，经调查，火灾当晚无人居住，死者难以第一时间发现火灾，导致火灾发现较迟，延误了最佳的逃生时机。5.消防安全检查不到位，住户所在的小区物业企业开展小区消防安全的检查不经常，不彻底，物业企业员工培训不到位，难以发现火灾隐患，检查发现小区单元楼内的室内消火栓箱上锁无法使用，值班室内的火灾报警系统主机存在故障点。6.消防安全宣传不到位。宁安镇政府、红苑社区日常消防宣传教育工作开展不实不细，群众对消防安全风险辨识能力不强，自我防范意识差，缺乏必要的火灾自救逃生技能。,1
“11·1”里水森林火灾调查报告,0,0,0,起火原因是人为用火引发的，系罗明金、陶永良等人在山上诱捕黄蜂时吸烟所致。同时，里水镇政府、佛山市自然资源局南海分局里水管理所及里水镇石塘村等相关职能部门及管理人员在森林防灭火工作中存在履职不到位的问题，包括林长制工作落实不细致、对护林员队伍日常管理不足、未压实日常检查巡查及基础设施管养维护工作责任、未认真安排落实包山头巡查等，是造成火灾蔓延和未能及时发现制止的间接原因。,0
“11?22”七星关区市东街道火灾事故调查报告 (2),1,0,25,起火原因为木结构房屋卧室电气线路故障引燃周围可燃物导致。灾害成因包括房屋内堆放大量可燃易燃物品火灾荷载大；房屋内电气线路私拉乱接，使用时间长未定期检查更换；自建房排查整治不到位；火灾发生后周围人员未能第一时间报警处置，造成火势蔓延扩大。,0
“11?22”七星关区市东街道火灾事故调查报告,1,0,25,起火原因为木结构房屋卧室电气线路故障引燃周围可燃物导致。灾害成因包括：房屋内堆放大量可燃易燃物品火灾荷载大；房屋内电气线路私拉乱接，使用时间长未定期检查更换；自建房排查整治不到位；火灾发生后周围人员未能第一时间报警处置，造成火势蔓延扩大。,0
“12.09”潮安区彩塘镇合泉五金厂宿舍火灾事故调查报告,2,0,60.76,直接原因：刘某浩、刘某慧在合泉五金厂宿舍四楼420房间玩火，引燃周边可燃物蔓延成灾。间接原因：1.合泉五金厂安全生产主体责任落实不到位，安全管理不到位，未落实各项消防安全制度，未建立健全安全生产责任制和安全生产规章制度，未开展员工消防安全教育，从业人员消防安全意识淡薄；将仓库和员工宿舍设置在同一幢建筑物内，未严格按技术规范设置完全防火分隔，配备消防设施，仓库和宿舍没有专人管理，杂乱无章。2.彩塘镇人民政府落实消防工作职责不到位，未能认真贯彻执行上级关于消防安全工作要求，对“三小”场所、“三合一”场所排查整治不深入，对部分消防安全隐患未能及时发现和落实整改；消防宣传教育工作不到位。3.彩塘派出所履行消防安全职责不到位，消防安全宣传教育、普及消防安全知识工作不深入、不全面；在督促村民委员会履行消防安全职责工作上不到位。4.宏安二村民委员会履行消防安全职责不到位，在开展群众性消防工作，宣传消防法律、法规，普及消防安全知识，健全消防安全制度等工作存在不足，导致辖区内生产经营者、居民消防安全意识和自我保护意识淡薄；开展防火安全检查不全面，仍留有死角，对合泉五金厂宿舍楼存在的消防安全问题未能及时发现，及时整治。,0
“12·23”火灾事故,1,0,8.5,起火原因为李龙前卧室煤火炉用火不慎引燃周边可燃物导致火灾。事故成因包括：群众防火意识低，起火建筑内易燃可燃物多，生活用火安全防范意识差，煤火炉与周边可燃物未保持安全距离，老年人自我防范能力不足且火灾死亡人员在醉酒状态下将火炉置于床铺旁睡觉；群防群治基础差，水东镇消防工作站和老包村日常消防安全排查、隐患分析、重点人员监管及宣传提示工作不深不细、流于形式，存在弄虚作假；以及落实管理责任差，消防工作站负责人、驻村干部及村包组干部未有效落实消防安全职责。,0
“12·23”火灾事故调查报告,1,0,8.5,事故直接原因为李龙前卧室煤火炉用火不慎引燃周边可燃物。主要灾害成因包括：群众防火意识低（起火建筑内易燃可燃物多，生活用火安全防范意识差，老年人自我防范能力不足，死亡人员在醉酒状态下将火炉置于床铺旁并睡觉）；群防群治基础差（水东镇消防工作站日常消防安全排查不深不细，对重点人员监管流于形式，老包村自建房排查治理弄虚作假，消防安全宣传提示不到位）；以及落实管理责任差（水东镇消防工作站负责人职责不清，对辖区消防安全底数不明，村干部未落实消防安全责任）。,0
“12?22”较大火灾事故调查报告,4,0,450,火灾直接原因为第3间房东北角取暖炉穿墙处的高温烟管引燃EPS夹芯板。火灾发生后，EPS夹芯板燃烧迅速并产生大量有毒有害气体，加上居住人员消防安全常识和疏散逃生技能缺乏，以及第3间房加装防盗网阻碍逃生，导致火灾后果扩大。间接原因包括龙口市龙港街道兴隆庄村、龙港街道办事处、市住房和城乡建设管理局、市自然资源和规划局、市综合行政执法局、市消防救援大队、市公安局以及龙口市人民政府等多个部门和单位，在落实违法建设治理、易燃可燃彩钢板建筑排查、建筑工程规划和施工许可监管、日常消防监督检查、消防宣传教育以及督促职能部门履行消防监管职责等方面存在履行职责不到位、排查不力、监督失察、工作不深入细致、存在盲区死角等问题，未能及时发现并查处涉事建筑的违法建设和使用易燃可燃材料的长期违法行为。,1
“1·25”望谟县新屯街道牛角村许秀敏住宅火灾事故调查报告,1,0,3.71735,起火原因为电线短路引发火灾。间接原因包括：新屯街道办事处消防工作存在基础理论不掌握、基层基础建设薄弱、消防安全工作不重视等问题；望谟少数民族木结构村寨沿用“老虎灶”、火塘、火灶及“烟熏腊肉”习惯，埋下重大火灾隐患，且对冬季火灾防控部署和排查不足；对“老、弱、病、残、幼、酒、疯”等重点人员的消防宣传工作实效性不足，消防安全意识提醒不到位。,0
“1?20”天然气管道爆炸着火事故,10,50,995,直接原因：Ф720管材螺旋焊缝存在缺陷，在一定内压作用下管道出现裂纹，导致天然气大量泄漏。泄漏点上方刚好有一颗白杨树，由于根系发育使土质变得较为疏松，泄漏的天然气在根系发育的树兜下聚集，加之泄漏的天然气携带硫化亚铁粉末从裂缝中喷射出来遇空气氧化自燃，引发泄漏天然气爆炸（系管外爆炸），同时造成管道撕裂。因第一次爆炸后的猛烈燃烧，使管内天然气产生相对负压，造成部分高热空气迅速回流管内与天然气混合，引发第二次爆炸，约3分钟后引发第三次爆炸（爆炸机理与第二次爆炸相同）。间接原因：1、管道运行时间长，管材疲劳受损，管线先天存在较大缺陷，且运行时间较长，流向调配、管输压力频繁变化，导致管道局部产生金属疲劳。2、管道建设时期，防腐工艺落后，管道未能得到有效保护，外层腐蚀严重。3、管道内壁也受到腐蚀，曾在相当长时期内输送低含硫湿气，管线处于较强内腐蚀环境，导致管内发生腐蚀，伴有硫化亚铁粉末产生。4、第一爆点上方白杨树根系发育使土质变得较为疏松，为天然气泄漏并在管外聚集爆炸提供了条件。同时管道附近还有其他根深植物。5、富加输气站场及进、出管道两侧存在较多建构筑物，且场站周围建构筑物过密，以致逃生通道狭窄，人员不能及时安全撤离。6、员工、家属和附近居民在逃生过程中恰遇第三爆炸点爆炸。7、油气田分公司对基层单位的安全生产管理工作存在不足，特别是输气管理处对役龄较长的输气管线存在的安全隐患重视不够，管道巡查保护不力，对仁寿富加输气站周围建筑密集的问题未能及时发现并予以整改。8、仁寿县人民政府没有充分认识到天然气管线周围民用建构筑物过多已经对管线的安全运行造成隐患，对小集镇规划、建设审批的指导和督促检查不力，仁寿县规划和建设局对小城镇建设管理工作重视不够，对有关规划和建设项目的审批把关不严，致使富加输气站周边民用建构筑物过多。管理原因：1、本次威青线大修工程投产方案采用天然气直接置换空气方式，严重违反了《天然气管道运行管理规范》SY/T5922—2004标准的规定，并且没有按规定在置换结束后对排放口排出气体进行检测。2、施工组织方案不落实，在投产作业过程中，没有到现场对工程技术质量和安全环保检查把关。3、西南油气田修建富加站值班宿舍时，未严格执行《石油天然气管道保护条例》及有关规范的规定，在管线、场站的安全距离内建房，并将场站逃生通道选择在管道上方，且违反有关规定允许员工家属住在场站值班宿舍。4、管道巡护责任不落实，管理人员对巡线工执行管道巡护操作规程的情况监督检查不力，致使管道上方和管道附近深根植物长期存在，没有及时处置。,2
“1?25” 高层住宅阳台杂物火灾事故调查报告,0,0,3.2,起火原因为2201室阳台长期堆放易燃杂物，洗衣机电源线私拉乱接且老化破损，发生短路产生火花，引燃周边纸箱等杂物，进而蔓延至外墙保温层。主要原因包括居民安全意识淡薄，未遵守高层住宅消防安全规定，违规堆放易燃杂物，私拉乱接电气线路，未定期检查电器设备；小区物业监管存在疏漏，未落实消防安全巡查制度，未及时发现并制止违规行为，且未开展专项宣传；初期应急处置存在不足，未优先移除阳台易燃杂物，导致火势蔓延，物业公司延误灭火时机。,0
“2016-10-31”谯城区较大火灾事故调查报告,5,0,40,直接原因：该起火灾的起火原因不能排除电气故障引发火灾的可能。因施救不当，导致人员伤亡。间接原因：1. 谯城区邢南圆通生活馆安全生产主体责任不落实，日常管理混乱，疏于防范，对家庭成员安全教育培训不够，该建筑物在遇火情的情况下，家庭成员应急处置不当。2. 王振华安全意识淡薄，建筑物内用电线路乱拉乱接，特别是在该建筑物遇火情的情况下，应急处置不当。3. 亳州市谯城区华佗镇小奈村开展家庭式商铺（作坊）消防安全专项整治工作不到位。4. 亳州市谯城区华佗镇人民政府督促、检查、指导开展家庭式商铺（作坊）消防安全专项整治工作不到位。5. 亳州市谯城区华佗镇派出所组织开展家庭式商铺（作坊）消防安全专项整治工作存在缺失，对辖区的火灾隐患排查整治力度不够。6. 亳州市谯城区公安消防大队督促、指导有关单位和个人落实防火责任制、及时消除火灾隐患工作不到位。7. 亳州市谯城区人民政府督促、检查、指导督促开展家庭式商铺（作坊）消防安全专项整治工作，依法履行监管职责不到位。,1
“2·25”森林火灾事故调查报告,0,0,2.582,森林火灾是犯罪嫌疑人招某违反罗定市人民政府禁火令，擅自在高朗山场山边荒地除草烧杂不慎引发。间接原因包括：附城街道领导干部思想认识不到位、责任意识不强，火灾风险形势认识不足，分析研判不到位，宣传教育不力，未能有效管控野外用火；星光村委防火工作重视不够，火源管控不力，未合理安排巡逻值守，应急处置不及时。,0
“2·6”永定区山城上品小区火灾事故调查报告,1,0,0.8,起火原因为烟头引起床褥和床单阴燃引发火灾。此外，相关基层单位存在消防安全责任落实不到位的问题，包括大庸桥街道办事处消安委实体化运行未完全落实、消防器材配备不足、消防宣传工作效果有限；大庸桥居委会消防安全宣传提示覆盖面不广、效果不明显，部分群众对基本消防常识不了解，村志愿消防队消防器材配备不足。,0
“2?28” 南充市南部县定水镇乡镇养老院火灾事故调查报告,0,2,4.2,起火原因为乡镇养老院老人违规使用“三无”电暖器，且将易燃物品覆盖在取暖设备上，设备温控故障过热引燃毛毯，引发火灾。灾害成因包括养老院管理严重缺位（未办理消防备案，违规使用民用住宅改造；采购“三无”取暖设备；未建立夜间巡查制度，护工应急处置能力不足；未组织老人开展疏散演练），老人安全意识薄弱（违规在电暖器上覆盖毛毯且未关闭电源便入睡；未接受消防安全培训），以及基层监管不足（民政局未发现养老院未备案、使用“三无”设备等问题；定水镇政府未督促养老院完善消防设施及应急制度）。,0
“6.28”一般火灾事故调查报告,2,0,69.6371,起火原因为电气线路故障。灾害成因包括：1.电气线路火灾隐患大，经营者未聘请专业电工规范敷设电气线路，场所内长期超负荷用电，电表的出线存在过负荷造成的绝缘内焦脱落现象，且用电行为不规范。2.场所安全条件差，商铺内有楼梯直通二层住宿部分，未进行防火分隔，存在“三合一”问题，且商铺和二层住宿部分存放大量安全帽、雨衣、机油、轮胎、摩托配件等，火灾荷载大。3.经营者安全意识薄弱，二层住宿部分通向单元式住宅楼梯的入户门长期反锁，且门口堆放货物阻塞疏散通道，被困人员缺乏自救逃生能力，未能采取正确逃生方法。4.属地政府监管不到位，东岭镇人民政府对“九小场所”、“三合一”场所消防安全治理工作推进不力，工作措施不具体；东岭镇大坵村委会未认真落实消防安全网格化管理工作，未能有效发现“三合一”问题；东岭派出所开展辖区日常消防监督检查和消防宣传教育不扎实，未跟踪检查到位。,0
“6·7”安岳县岳阳镇慈云村13组亡人火灾事故调查情况的报告,1,0,28.433,直接原因：该起事故的起火原因为不排除电气故障引发安岳县岳阳镇慈云村13组刘某房屋东北侧卧室西南侧墙面处可燃物燃烧蔓延成灾。间接原因：1.彭某长期瘫痪在床，没有自救能力。2.起火期间刘某上集市购物，彭某无人监护。,0
“光明里片区”“12·30”居民楼较大火灾事故调查报告,4,6,650,直接原因：楼梯间内私拉乱接的电气线路故障引燃周边堆放的可燃杂物。间接原因：基层消防安全治理失效（街道办事处、社区居委会对老旧小区存在的“飞线充电”、楼道堆放杂物等隐患未能采取有效措施；公安派出所履行消防监督检查职责不力；住建部门对老旧小区改造中的消防安全内容推进缓慢）。居民消防安全意识极度薄弱（长期占用消防通道，私拉电线）。建筑先天消防安全条件不足（缺乏必要的消防设施，只有一个疏散楼梯）。,1
七星关区市东街道“11?22”火灾事故调查报告,1,0,25,木结构房屋卧室电气线路故障引燃周围可燃物导致；房屋内堆放大量可燃易燃物品火灾荷载大；房屋内电气线路私拉乱接，使用时间长未定期检查更换；自建房排查整治不到位；火灾发生后周围人员未能第一时间报警处置，造成火势蔓延扩大。,0
东莞中堂东向村滨河东路13 号“7·7”一般火灾事故调查报告,0,3,632,经调查认定，东莞中堂东向村滨河东路 13 号“7·7”一般火灾事故是一起操作人员违规作业，使用未经资质单位设计、不满足安全控制要求的危险化学品生产装置，非法生产危险化学品过程中引发的生产经营性火灾事故。,0
东莞大朗高英村毛织加工小作坊“12·8”一般火灾事故调查报告,2,3,75,直接原因为刘小毛作坊中部过道放置的电脑针织横机故障发热引燃周围可燃物。间接原因包括经营者消防安全主体责任不落实，违规居住并收住外来人员在小作坊内，未及时发现并处置火情；属地村和有关部门消防安全监管职责落实不到位。事故蔓延扩大原因为起火8号电脑针织横机设置在生活区域疏散通道上，背靠木板隔墙。,0
东莞市中堂镇2022 年“9·12”一般火灾事故调查报告,2,0,18.7582,"事故直接原因：经调查，认定起火时间为 2022 年 9 月 12 日 20 时 58 分
许，起火部位为东莞市中堂镇东泊社区新村二街“李开心废
品回收站”西北侧（距离西墙约 2 米，距离北墙约 5 米），
认定起火原因为“李开心废品回收站”西北侧处遗留火源引
燃附近的废品泡沫箱等可燃物起火蔓延成灾。
事故间接原因：李开心消防安全主体责任不落实。李开心私自搭建并
坊应按建筑面积每75㎡配备4kgABC手提式干粉灭火器，每个配置点灭火器数量少于2具。",0
东莞市大岭山镇“9.4”较大火灾事故调查报告,3,3,1600.1228,直接原因为创嘉家具公司生产厂房首层东面外墙电线槽内生产用电的电线短路，喷溅高温熔珠引燃电线槽下方堆放的废弃海绵等易燃材料引发火灾。同时，起火建筑的消防设施（火灾自动报警系统、湿式自动喷水灭火系统）因日常检修维护不到位，在火灾发生时未响应动作，未能及时扑救初期火灾，导致火势失控蔓延。事故暴露出创嘉家具公司未履行消防安全主体责任，包括租赁未经消防验收建筑、未落实消防安全责任制、消防设施维护不足、防火检查缺失、违规堆放易燃物、消防演练和员工培训不到位等问题。玩木家具公司和鸿意建材公司存在违章搭建和堆放易燃物的问题，影响逃生和救援。此外，大岭山镇各级政府和监管部门（如消防安全委员会办公室、消防大队、火灾隐患整治办公室、城管分局、网格管理中心、杨屋村委会）在消防监管、隐患排查、违法建设查处、消防安全教育和网格化管理方面存在监管缺失和失职。,1
东莞市清溪镇“9·2”较大火灾事故调查报告,7,5,1048.39,该事故是一起由于企业消防安全主体责任不落实，违章动火作业而引发的生产安全责任事故。直接原因是东莞市桂顺再生资源回收有限公司雇用无特种作业操作证人员，违规使用射吸式割炬（气割枪）在对金属管道吊架进行切割作业时，割炬火焰引燃聚氨酯泡沫保温材料，并发生轰燃蔓延成灾。间接原因是涉事企业未落实消防安全责任制，风险意识薄弱，安全教育缺失，安全管理流于形式；业主单位履行定期安全检查责任不到位；相关单位存在未对施工方进行统一协调管理、现场消防安全管理和教育培训缺失、改变厂房使用用途后未取得消防验收及备案、违规出借公司资质及营业执照等问题；以及东莞市清溪镇委镇政府、市消防救援支队等相关职能部门和清溪镇长山头村委会在履行安全监管职责方面均存在一定的问题。,1
东莞石排广东嘉拓新能源科技有限公司东莞分公司“5·11”一般火灾事故调查报告,0,0,792.17,起火原因为堆放的聚合物锂离子电池热失控起火。火灾蔓延扩大的原因为现场存放大量生产原材料导致火灾荷载大、生产布局不合理存在安全隐患、企业应急处置不够科学措施不到位。事故根本原因为企业消防安全主体责任不落实，主要表现为未制定消防安全制度、操作规程，未设置消防责任人及管理人员导致管理能力不足，消防演练培训不到位，火灾初期员工采取措施不当，以及未按法律法规和技术标准设置消防车通道、防火分区、防火间距和排烟设施等。此外，出租方违法建设并出租，未签订专门安全生产管理协议，履行定期安全检查责任不到位；施工方涉嫌提供虚假建设工程消防设计、验收材料。属地监管部门及村委会在履行安全监管职责方面存在问题。,0
临沂兰山区山东天汇柒彩包装制品有限公司“5·6”一般火灾事故调查报告,0,0,95.29,直接原因：塑料造粒机开启预热后，因机筒过热导致电气线路故障引燃周围可燃物；工人冯某某违章操作，擅自离开岗位，致使发生火灾后不能第一时间发现和处置，造成火情扩大、蔓延。间接原因：出租人林某某履行消防安全职责不到位，未明确各方消防安全责任，未督促承租人加强消防安全管理，厂房不符合消防安全规定，消防设施器材缺失，电气线路敷设混乱。承租人蔡某某履行安全主体责任不到位，未制定消防安全制度和操作规程，现场管理混乱，生产与储存未分离，非法从事生产经营活动。任家庄村委会落实防火检查职责不到位，组织防火检查流于形式。半程镇政府落实属地管理责任不到位，对辖区内企业监督检查不足。,0
临洮县“8·15”洮阳镇红星路沙梁一般火灾事故调查报告,0,0,63.7792,此次火灾事故的直接原因是当事人王昀在抽取甲醇燃料的过程中，由于甲醇燃料泄漏流淌至地面上的通电插线板引发火灾，当事人现场处置不当，违规用水灭火致使火势蔓延扩大。间接原因包括：当事人王昀法律意识淡薄，非法存储、运送、经营甲醇燃料，安全知识欠缺，日常管理不到位，现场未配备任何消防器材，也未使用防爆电器；房主高小军安全意识淡薄，出租房屋时未签订合同，未约定消防安全管理责任，未对承租人存放物品进行定期查看，也未向辖区派出所报备登记；洮阳镇对安全生产百日集中整治工作重视不够，安排部署不到位，开展不力，台账建立流于形式，隐患排查敷衍应付，对相关文件未学习转发和安排部署，对出租房等场所无具体排查的隐患问题台账，消防安全整治工作不实不细；洮阳镇西街村对辖区内安全隐患排查不全面、不认真、不细致，对王昀租用商铺违法违规存储甲醇燃料的隐患未能及时发现，对消防安全知识宣传不深入；县公安局城关派出所日常监督管理不深入、不细致，消防安全隐患排查不全面，未对出租屋信息进行登记，对于此次发生火灾的出租房非法存储甲醇燃料的情况未能及时发现。,0
临渭区海兴城房屋“5·16”火灾事故调查报告,1,0,0,直接原因为手机充电使用过程中漏电故障导致内燃引燃可燃物蔓延成灾。间接原因及火灾发展蔓延因素包括：1. 设备存在隐患故障，起火手机多次维修，且使用非原装充电器，充电时常发烫。2. 死者自救逃生能力较弱，其处于月子期，身体虚弱。3. 安全意识不足，死者有在床上充电时使用手机的习惯，手机、插线板、充电器长期放置于床上，不利于手机散热，且使用非原装充电器导致手机电池质量降低。4. 主卧内衣柜、床头柜、床、被褥、抱枕、衣物等可燃物较多，加速了火灾蔓延并产生大量有毒有害烟气。综合认定火灾性质为居民缺失自救逃生能力，卧床使用手机充电期间机器故障导致起火造成的一起亡人火灾事故。,0
义乌市何宅村“12·27”较大火灾事故调查报告,3,0,0,"直接原因：莫秀竹使用高温高热电取暖器期间，未尽到专人看管职责，使用后未及时切断电源，电取暖器工作状态下引燃覆盖的可燃物引起火灾。
间接原因：
1. 房屋出租人华祝虎消防安全意识淡薄，未履行房屋出租人责任，所出租房屋不符合《浙江省居住出租房消防安全基本要求》，存在严重消防安全隐患。
2. 义乌市廿三里街道何宅村委会未认真开展出租房消防安全整治工作，消防安全责任未落实，出租房消防安全隐患排查整治不彻底。
3. 义乌市公安局廿三里派出所作为出租房和流动人口登记管理的主管单位，未按照管理规定如实登记管理，存在出租房信息不全、流动人口漏登。
4. 义乌市廿三里街道办事处开展出租房整治工作不力，未有效督促落实消防安全责任，出租房消防安全隐患排查整治不彻底，出租人教育培训工作不到位。
5. 义乌市公安消防支队作为出租房消防安全综合整治工作主管部门，未有效督促廿三里街道办事处做好月度整治上报工作，对基层工作中存在的问题指导督促整改不力。",1
乌兰察布市四子王旗文化路乌兰小区3期“12·21”火灾事故调查报告,2,1,11.0904,直接原因：5单元一层楼道北侧单元门处停放的“建设牌”电动轻便摩托车车把处电气线路故障引燃绝缘层及车身可燃物引发火灾。间接原因：1.电动轻便摩托车违规在楼道停放，发生故障引发火灾；2.楼道内停放大量车辆，增大火灾载荷，造成火灾迅速蔓延并产生高温热辐射和有毒气体，影响人员疏散逃生；3.消防宣传培训不到位，居民逃生自救措施不当；4.物业消防安全管理不到位，楼道长期存在消防安全隐患未消除，扑救初期火灾不力；5.电动自行车停放、充电配套设施不完善，电动车停放在楼道内充电。,0
乐山市市中区海棠街道滨江壹号小区 “1?25” 高层住宅阳台杂物火灾事故调查报告,0,0,3.2,起火原因为2201室阳台长期堆放易燃杂物，洗衣机电源线私拉乱接且老化破损，发生短路产生火花，引燃周边纸箱等杂物，进而蔓延至外墙保温层，引发火灾。此外，居民安全意识淡薄，在阳台违规堆放大量易燃杂物，私拉乱接电气线路，未定期检查洗衣机等电器设备状态；小区物业公司监管存在疏漏，未落实高层住宅消防安全巡查制度，未及时发现阳台违规堆放杂物及私拉线路问题，也未在小区内开展阳台消防安全专项宣传；应急处置存在不足，初期灭火时未优先移除阳台易燃杂物，物业公司微型消防站人员到场后未第一时间联系消防部门确认火势情况，延误灭火时机。,0
乐山市沙湾区福禄镇农科村 “6?10” 木材加工场火灾事故调查报告,0,1,26.5,起火原因为木材加工场1号棚屋加工区内私拉乱接的非国标电线接头处氧化腐蚀，产生电弧打火，同时带锯机电机老化漏电加剧火情，引燃周边散落的木屑，火焰迅速蔓延至原料区原木堆及半成品区板材，引发火灾。事故深层次问题包括：加工场未经审批违规建设运营，电气安全隐患突出（非国标电线、私拉乱接、设备老化漏电），消防设施缺失（灭火器过期失效、出入口受限），可燃物管理无序（木屑堆积、堆垛过高且间距不足）；基层监管责任落实不到位（村级排查流于形式、镇级监管存在盲区、部门协同不足）；以及从业人员安全意识淡薄（负责人未接受安全培训、未制定管理制度及应急预案，工人应急能力不足）。,0
乐山市金口河区永和镇胜利村 “12?03” 小型矿石破碎点火灾事故调查报告,0,0,9.6,技术检测表明，破碎机电机电源线为非标产品，长期超负荷运行导致接头处绝缘层老化破损，发生短路打火，引燃地面渗漏的润滑油，进而蔓延至润滑油桶，引发火灾。原因包括：运营管理混乱，陈明未定期维护破碎设备线路，设备长期超负荷运行；润滑油桶未单独隔离存放，与电气设备未保持安全距离，未配备消防设施，未及时清理设备渗漏的润滑油。基层监管缺失，永和镇胜利村村委会未将矿石破碎点纳入“散乱污”场所排查；镇市场监督管理所未查处其无照经营行为，镇应急管理办未针对矿石加工场所开展专项安全检查。安全意识不足，陈明未接受消防安全培训，不清楚润滑油易燃特性及设备超负荷运行风险，初期灭火未优先转移未燃烧润滑油桶。,0
乐平市浯口李乐梅服装加工厂“8.13”一般火灾事故调查报告,2,0,428.0973,直接原因：8号织袜机阀盒内电气故障引燃周边长期未清理的纤维融团继而蔓延成灾。间接原因：1. 乐平市浯口李乐梅服装加工厂消防安全主体责任落实不到位，包括违规住人、安全出口和疏散通道不足、违规搭建彩钢厂棚、消防设施配备不齐全、安全生产规章制度不健全、隐患排查治理不到位、员工消防安全意识淡薄以及起火建筑内火灾荷载大。2. 地方政府及其有关部门监管不到位，包括乐平市浯口镇人民政府打击“两违”工作不力、浯口镇派出所消防监督管理职责不到位、原乐平市打击“两违”和矿产资源违法行为行政执法指挥中心及相关部门责任落实不到位、浯口镇应急办对“九小”场所安全整治工作落实不力、浯口镇住建岗和梅溪村村委会经营性自建房整治工作落实不到位。,0
云南昭通大关“7·6”较大居民自建房火灾事故调查报告,6,0,154.84,直接原因是：杨X户自建房一楼家具零售店西南角立柱侧敷设的入户电线发生短路，引燃周围摆放的家具等可燃物，蔓延扩大成灾。间接原因是：涉事建筑一楼、二楼家具零售店与楼上人员居住区无有效防火分隔；家具零售店堆放大量家具，海绵、布料居多，火灾负荷大，燃烧速度快，短时间内产生大量有毒烟气；楼梯间设置在建筑中部，上下联通，无排烟设施，起火后，烟气迅速沿内部楼梯间向上迅速蔓延，形成一个“夺命烟囱”，封堵了疏散逃生通道；楼梯间直通屋顶露台的门上锁；遇难者为妇女儿童，缺乏正确的火场逃生常识，逃生自救能力差，尸检报告显示吸入毒烟致死；火灾发生在凌晨，被困人员不能及时发现火情，没有充足的逃生时间。,1
云山村老村82号苟明全户“7·26”亡人火灾事故调查报告,1,3,9.114008,起火点位于301房间西侧西北角区域，起火原因为301房间西北角床脚靠北墙区域插线板金属插片发生故障，引燃周围衣服、梳妆台等可燃物，蔓延扩大成灾。造成人员伤亡的主要原因包括儿童年纪小缺乏自救逃生能力、着火房间空间小且有分隔增加疏散逃生距离，以及火灾发生时房间内人员熟睡错失最佳逃生自救时间。同时，自建房房屋仅一部敞开式疏散楼梯，房屋结构易形成“烟囱效应”，影响人员疏散逃生。,0
云浮市罗定市连州镇“3·22”森林火灾事故调查报告,0,0,2.3,直接原因为犯罪嫌疑人林某在坟堂拜祭时，点燃的祭品（蜡烛、香、纸钱元宝等）未完全熄灭即离开山场，引发山火。间接原因包括罗定市政府、市森林防灭火指挥部、连州镇政府及连东村委在森林防灭火工作方面重视不足、吸取教训不深刻、分析研判不到位、火源管控不力（存在“人情关”）、监督指导不到位、应急处置不及时（错失扑救时机、扑救人员“出工不出力”）、以及相关人员思想麻痹大意等问题，导致火势迅速蔓延。,0
云浮市罗定市附城街道“2·25”森林火灾事故调查报告,0,0,0,犯罪嫌疑人招某违反《罗定市人民政府禁火令》，擅自在高朗山场山边荒地除草烧杂不慎引发山火。同时，附城街道和星光村委在思想认识、责任意识、火灾风险研判、火源管控、宣传教育以及应急处置等方面存在不足，未能有效防范和及时扑救。,0
云阳县双江街道杏家湾社区“3·12” 火灾事故调查报告,1,0,3.315,直接原因为朱志宏吸烟后将未熄灭的烟头扔进垃圾桶内引燃周围可燃物引发火灾。间接原因为死者朱志宏离异独居，无人看护，长期酗酒至无行动能力，生活习性差，消防安全意识淡薄。此外，双江街道办事处未建立老旧小区检查排查台账，起火建筑室内消火栓系统在改建期间长期“无水”，导致群众自发开展初起火灾扑救时无法使用完好有效的室内消火栓，间接造成火势蔓延扩大和人员死亡；并且对“孤老病残”重点群体的消防管理工作不细致、不全面，未将朱志宏纳入排查范围并开展现场走访。,0
云阳县盘龙街道盘石社区“2·7” 火灾事故调查报告,1,1,33.8,直接原因：电线短路引燃周围可燃物引发火灾。间接原因：程林自建房属于典型的“三合一”场所，防火间距不足，一层门市内未设置任何消防设施设备，疏散门采用卷帘门，建筑内仅设置一部疏散楼梯，且在疏散楼梯间放置大量可燃物；居住人员消防安全意识淡薄，发现火情后未第一时间及时疏散逃生。,0
井儿沟乡八马坊村“3.18”火灾事故调查报告,2,2,0,直接原因：自张勇家正房西外墙北侧至马禄家驴圈的一段进户线发生电气故障，引燃下方堆放的玉米秸秆，在大风作用下形成飞火，落到梁振林家院落内堆放的玉米秸秆上，进而蔓延成灾。间接原因：1.马禄家电气线路敷设不规范，部分线路未予以固定，长期摆动，在大风天气下发生电气故障，且电气线路下方堆放了大量玉米秸秆，导致电气线路起火后迅速蔓延。2.村民院落内均露天堆放了大量玉米秸秆等可燃物，起火后因风大，迅速蔓延成灾、 "火烧连营" 。3.报警不及时，11时40分许发生火灾，村民12时08分拨打119报警电话。4.疏散逃生意识差，梁振林、张秀萍在发现起火后，没有第一时间逃生，火势蔓延成灾后被困，最终造成伤亡。5.阳原县井儿沟乡、八马坊村消防安全 "网格化" 管理工作制度、 "小火亡人" 措施在实际工作中没有很好落实，日常消防宣传不到位。,0
亳州市谯城区“2016-10-31”较大火灾事故调查报告,5,0,40,"（一）事故的直接原因：该起火灾的起火原因可以排除放火、外来火源、电动车故障、生活用火不慎、自燃、雷击、烟头等引发火灾的可能，不能排除电气故障引发火灾的可能。因施救不当，导致人员伤亡。
（二）事故的间接原因：1. 谯城区邢南圆通生活馆，安全生产主体责任不落实，日常管理混乱，疏于防范，对家庭成员安全教育培训不够，该建筑物在遇火情的情况下，家庭成员应急处置不当，是事故发生的主要原因。2. 王振华安全意识淡薄，建筑物内用电线路乱拉乱接，特别是在该建筑物遇火情的情况下，应急处置不当，是事故发生的重要原因。3.亳州市谯城区华佗镇小奈村开展家庭式商铺（作坊）消防安全专项整治工作不到位，对事故发生负有重要管理责任。4.亳州市谯城区华佗镇人民政府督促、检查、指导开展家庭式商铺（作坊）消防安全专项整治工作不到位，对事故发生负有重要管理责任。5.亳州市谯城区华佗镇派出所组织开展家庭式商铺（作坊）消防安全专项整治工作存在缺失，对辖区的火灾隐患排查整治力度不够，对事故发生负有重要管理责任。6.亳州市谯城区公安消防大队督促、指导有关单位和个人落实防火责任制、及时消除火灾隐患工作不到位，对事故发生负有重要管理责任。7.亳州市谯城区人民政府督促、检查、指导督促开展家庭式商铺（作坊）消防安全专项整治工作，依法履行监管职责不到位，对事故的发生负有重要领导责任。",1
什邡市马祖镇马祖村 “4?08” 服装加工小作坊火灾事故调查报告,0,1,15.2,直接原因为服装加工小作坊内私拉乱接的非国标电源线插头与插座接触不良，产生电弧打火，引燃周边堆放的化纤布料，引发火灾。深层次原因包括小作坊安全管理极度混乱（未经审批违规改建为“三合一”场所，电气安全隐患突出，消防设施缺失），基层监管责任落实不到位（村级排查流于形式，镇级监管存在盲区，部门协同不足），以及从业人员安全意识淡薄（负责人和工人缺乏消防安全培训及应急处置能力）。,0
从江县丙妹镇上歹村“1·01”较大火灾事故调查报告,5,0,21.128,直接原因：潘某往住宅二层堂屋中部西北侧天花板处敷设的电气线路发生故障，引燃木质天花板等周围可燃物，继而蔓延成灾。间接原因：1、从江县人民政府对农村消防工作重视不够，消防安全责任制落实不到位；2、丙妹镇人民政府落实农村消防安全责任制不到位，执行不力；3、上歹村排查隐患不彻底，对重点人员监管不到位；4、从江县有关部门开展消防安全宣传教育不到位，隐患排查治理不深不细不实，受灾户电气线路私拉乱接现象严重。,1
仑苍镇仑苍大道212-1号店面“2023.12.27”火灾事故调查报告,2,3,26.28,直接原因为林某明厨房炊事用火不慎引燃周边可燃物。间接原因包括：防火分隔措施不到位（厨房内存放液化石油气罐且未采取防火分隔，东侧楼梯下半段被拆除并用木板隔断，五层采用镂空金属栅栏门导致烟气蔓延）；安全疏散条件不完善（进财楼外墙窗口设置影响逃生的金属栅栏，仅有西侧单楼梯通道，东侧疏散楼梯被破坏）；消防安全管理缺失（房东吴某财未明确消防安全职责，楼道内堆放可燃物，未组织消防培训演练，导致被困人员逃生自救能力不足）；扑救初期火灾能力不足（店里工作人员缺乏初期火灾扑救基本要领）。监管方面，仑苍镇仑苍村委员会、仑苍派出所、仑苍镇人民政府、南安市住房与城乡建设局、南安市城市管理和综合执法局、南安市消防救援大队均存在未认真落实消防安全网格化管理、日常消防监督检查和宣传教育不深入、隐患排查整治不到位、未能及时发现并督促整改燃气安全隐患等问题。,0
仓山区胪厦村2019年“11·29”火灾事故调查报告,1,2,0,直接原因：胪厦工业区5-3号简易搭盖彩钢板房二层西侧第一间西侧区域电气线路故障引燃泡沫夹心彩钢板。间接原因：胪厦村村委会、城门镇政府对“两违”清理整治工作及建筑工程安全隐患大排查大整治工作不落实、对违法建设行为查处不力，对发生火灾房屋日常监管缺失，履职不到位；城门镇国土所未对辖区违法建设行为进行巡查；仓山区“两违”办、整治办对城门镇、胪厦村“两违”整治和建筑工程大排查大整治工作督促、指导不到位。,0
仪陇县消防救援大队关于仪陇县五福镇“2.7”火灾事故调查报告,1,0,0.51,起火原因系仪陇县五福镇老罐村8组95号邓仁太住宅住户生活用火不慎（使用木炭取暖），引燃床铺上可燃物蔓延成灾。火灾蔓延扩大的主要原因：一是农村自建房耐火等级低，起火房屋火灾荷载较大，房屋内部设置阁楼堆放有大量木柴等易燃物，建设随意性大，消防布局差。二是火情发现晚，农村消防基础薄弱，灭火工具匮乏，可供灭火水源少，灭火力量弱。三是居民消防安全意识淡薄，火灾预警能力差。上述原因共同导致火灾发现晚、自救难。造成人员伤亡的主要原因：1.着火物产生大量高温有毒烟气，造成人员窒息死亡。2.高龄失能老人独自在家，无人监护。遇难者刘恒菊，81岁，身体半侧中风，且身患基础疾病多年（眼盲），行动不便，火灾发生时，其监护人邓仁太（死者之子）未在家中，无法逃生自救。,0
伽师县江巴孜乡艾格铁热克村4组053号“6·24”一般火灾事故调查报告,1,0,22.24115,无法排除用电器具及电器线路故障引起火灾的可能性。在对现场勘验勘验的过程中，客厅东南角墙面有明显“V”形痕迹，该处放置2台冰箱，地面发现金属导线及插座金属簧片；对死者亲属进行询问得知，2台冰箱均为二手物品，且火灾前处于使用状态。造成灾害的成因：一是起火住宅的建筑材质为砖木结构，家中多易燃可燃装修材料，被引燃后火灾迅速扩大蔓延，火焰到达屋顶立即形成立体燃烧，火势难以控制；二是群众安全意识不强，发生火灾后慌乱，不能第一时间报警并扑救火灾；三是当事人属于身体瘫痪的老年人，缺乏自主逃生能力，发生火灾时独自在家，对特殊群体的关注管理不到位。,0
余庆县农家镇“2·15”较大火灾事故调查报告,3,0,29,直接原因是一楼客厅多功能取暖茶几下方的鸟笼式电暖炉发生电气线路故障，引燃周围可燃物并蔓延扩大所致。间接原因包括：1. 电器使用不当是火灾发生的主要诱因，存在将鸟笼式电暖炉放在多功能取暖茶几下方的使用习惯，用电安全意识薄弱。2. 建筑消防安全条件差，疏散困难，起火建筑为居民自建房，疏散仅靠一部通天楼梯，居住区域与楼梯间未形成有效防火分隔，导致一楼发生火灾后，将通往室外的疏散路线阻断，大量有毒烟气无法排出，迅速向顶楼聚集，切断了通向屋顶安全区域的第二逃生路径，加之火灾发生在凌晨，发现不及时。3. 人员自救逃生能力弱，群众消防安全意识淡薄，用火用电安全意识缺乏，自防自救能力较差，未在第一时间选择正确的方式进行逃生。,1
保定市白沟新城茂乾箱包配件制造有限公司“7.28”火灾事故调查报告,6,0,950,直接原因：茂乾公司第二车间挂镀分区退镀工序生产中，违反有关规定未开启环保通风净化装置，产生的氢气不断在车间西南侧的集气罩内聚集，形成爆炸性混合气体，遇开关箱里电器相间、相对地间绝缘击穿放电产生的火花发生爆燃，引燃周边可燃物继而发生火灾。间接原因：1.茂乾公司：第二车间北部二层设有员工宿舍，未设置防火分隔，属“三合一”场所，是火灾发生的重要因素；厂房设置及建筑材料不符合要求，采用普通聚苯乙烯泡沫材料彩钢板，耐火等级低；挂镀分区集气罩、排风管及送风管未采用阻燃性材料；挂镀分区的电气选择及安装不规范，环境存在腐蚀性气体且潮湿，致使局部绝缘程度降低，成为击穿薄弱点；安全制度缺失，以租代管；安全教育培训缺失，员工安全意识和应急处置能力低下；隐患排查治理缺失，对“三合一”场所等安全隐患重视不够，未整改。2.党政部门层面：西芦僧村“两委”对辖区茂乾公司长期存在的“三合一”场所隐患没有报告，没有有效督促整改；白沟镇政府安全发展理念不牢，对“打非治违”工作措施不力，对村街、包村干部、包片领导检查反映的事故企业“三合一”场所安全隐患重视不够，督导不利，且未按要求将该隐患做为重大隐患上报；白沟新城消防救援大队未认真履行“三合一”场所隐患查处职责，工作不扎实，未督促企业对事故隐患整改到位；保定市生态环境局白沟新城分局对茂乾公司退镀工艺增加设备、扩大产能问题没有及时发现并采取有效措施。,1
兰山区山东天汇柒彩包装制品有限公司“5·6”一般火灾事故调查报告 ,0,0,95.29,事故直接原因是：塑料造粒机开启预热后，因机筒过热导致电气线路故障引燃周围可燃物引发火灾，加之工人违章操作，擅自离开岗位，致使火情扩大、蔓延。间接原因是：出租人履行消防安全职责不到位，厂房不符合消防安全规定，安全投入不到位，存在多项消防安全问题；承租人履行安全主体责任不到位，消防安全管理制度不健全，现场管理混乱，生产与储存未分离，未开展消防安全教育和检查，企业无照非法生产；任家庄村村委会落实防火检查职责不到位，组织防火检查流于形式，未能及时发现和处理火灾隐患；半程镇政府落实属地管理责任不到位，对安全生产工作重视程度不够，监督检查不到位。,0
关于“2.16”淮安市淮安区流均镇马东村四组火灾事故的调查报告,1,0,0.654,直接原因：起火部位位于淮安市淮安区流均镇四组吕生伟家民房西南卧室铁床西北角，起火原因为电气线路故障引起火灾。间接原因：该起火灾亡者为独居老人，瘫痪在床、行动不便，缺乏消防安全意识和逃生自救能力，且亲属消防安全意识淡薄，夜间独自留老人在房间，造成火灾发生后发现不及时、报警不及时、扑救和逃生不及时。,0
关于乌什县乌什镇南关社区“9.30”民房火灾事故技术调查报告,1,0,0.9,直接原因系当事人艾尼瓦尔·赛买提吸烟点燃被褥蔓延成灾。间接原因包括：1. 属地管理单位消防安全“网格化”管理存在短板，火灾隐患网格化排查不到位，消防宣传流于形式。2. 居民消防安全意识淡薄，吸烟、违规使用大功率用电器具等行为常见，对消防设施基本情况、疏散逃生路线、扑救初起火灾等常识掌握不清。,0
关于潮安区“4·30”一般火灾事故的调查报告,2,0,10.8,起火原因是操作人员在生产过程中违反安全生产操作导致可燃油性液体渗漏至锅炉间北侧地面，受锅炉间高温环境影响形成蒸汽，遇蒸汽发生器与烟道焊接处泄漏高温尾气发生燃烧，继而引燃其他可燃物蔓延成灾。事故主要原因是该厂存在仓库、员工集体宿舍、办公室混合设置的“三合一”情况，起火后造成员工在二楼集体宿舍一氧化碳中毒死亡。间接原因包括：广源食品有限公司安全生产主体责任落实不到位，安全管理混乱，未制订并落实各项消防安全制度和操作规程，未开展员工消防安全教育培训和应急演练，现场建筑结构和生产车间使用易燃可燃材料搭建，耐火等级不符合消防安全条件，存在严重“三合一”现象，且用工不规范。同时，庵埠镇人民政府、庵埠派出所、庵埠市监所、庵埠镇综合治理服务中心、官路村民委员会等部门和单位履行消防工作职责不到位，在消防安全排查整治、宣传教育、日常巡查和监管方面存在不足，未能及时发现和落实事发单位的消防安全隐患。,0
关于锡林浩特市朝克乌拉苏木‘3·26’汽车亡人火灾事故消防技术调查报告,1,0,0.66,直接原因为燃油泄漏（检测出柴油成分）遇高温热表面起火。同时，居民消防安全意识较低，醉酒驾驶机动车，且不具备安全逃生意识也是重要成因。,0
内江市东兴区田家镇正子村 “8?10” 小型农机配件加工点火灾事故调查报告,0,0,9.5,技术检测发现，车床电机电源线为非标产品，长期超负荷运行导致接头处绝缘层老化破损，发生短路打火，引燃周边机油抹布及木质托盘，引发火灾。运营管理混乱：周敏未定期维护加工设备线路，设备长期超负荷运行；机油抹布等易燃物品未及时清理，随意堆放在设备周边，未配备消防设施。基层监管缺失：田家镇正子村村委会 2024 年开展 “散乱污” 场所排查 3 次，未将农机配件加工点纳入；镇市场监督管理所未查处其无照经营行为。安全意识不足：周敏未接受消防安全培训，不清楚机油等易燃物品的防火要求，初期灭火未针对油类火灾特性采取有效措施，处置不当。,0
内江市资中县球溪镇马鞍村 “11?18” 小型挂面加工厂火灾事故调查报告,0,0,8.9,火灾直接原因为烘干架电加热管电源线为非标产品，长期高温高湿环境导致接头处绝缘层老化破损，发生短路打火，引燃周边湿挂面及面粉。间接原因包括经营者刘芳安全管理缺位，未定期检查烘干设备线路，使用非标电源线，湿挂面违规堆放在烘干架周边，未配备消防设施，未制定设备日常维护制度；基层监管疏漏，球溪镇马鞍村村委会和镇市场监督管理所未将挂面加工厂纳入排查并督促落实安全要求；刘芳安全意识薄弱，未接受消防安全及食品生产安全培训，不清楚高温高湿环境对电气设备的影响，初期灭火处置不当。,0
凤凰乡“1.30”较大火灾事故调查报告,4,0,38,直接原因：林家电动汽车专卖店内使用电热棒（热得快）不当引燃周围可燃物蔓延成灾。间接原因：1. 大安区源金鑫电动汽车经营部消防安全责任制不落实，经营者消防安全意识淡薄，习惯使用无保护装置的劣质热得快烧水，在店内夹层违规住宿，并用木质板材进行分隔，耐火等级低，夹层下方可燃易燃物多，火灾荷载大，蔓延迅速，店面唯一出口为卷帘门，无足够排烟通道，发生火灾难以逃生。2. 大安区凤凰乡人民政府远达花园社区居民委员会未严格落实安全生产及消防安全属地管理职责，未组织制定安全防火公约，未严格落实消防安全网格化管理工作，组织开展辖区内消防安全排查不彻底，对事故门店在店内夹层违规住宿失察。3. 大安区凤凰乡派出所未严格落实《公安派出所消防工作手册》相关规定，对远达花园社区居民委员会履行消防安全职责的情况了解掌握不足，监督检查居民委员会履行消防安全职责不力。4. 大安区凤凰乡人民政府指导、督促辖区内社区和辖区单位开展消防工作不力。5. 自贡市大安区公安消防大队指导和监督派出所开展日常消防监督检查工作不够深入细致，对相关人员的业务知识培训指导不力。,1
剑川县沙溪镇联合村委会西伙山村15号万顺宝户“2·21”民房火灾事故调查报告,1,0,7.5696,起火原因系万顺宝卧床吸烟引燃周围可燃物蔓延扩大成灾。此起火灾建筑为土木结构房屋，建筑年代久远、农村柴草堆放混乱及村民防火意识淡薄，老年人生活习惯混乱等导致的一起悲剧。事故主要由当事村民用火用电防范意识差引发。,0
包河区淝河佳苑居民住宅“2·14”燃气爆燃事故调查报告,0,3,141.41,直接原因：703室厨房内燃气软管未连接灶具，灶前阀长期开启，燃气表前阀受到外力触碰开启，泄漏的天然气在房屋内聚集扩散，达到爆炸极限，遇电火花引发爆燃。间接原因：雷**安全意识淡薄，对703室内燃气软管未连接灶具且未封堵的安全隐患预判不足；合肥燃气集团有限公司及其客户服务公司未落实包河区制定《燃气保供工作部署》的要求，没有加大对703室安检的频次；安全隐患排查不彻底，未发现并消除703室燃气灶具缺失、燃气表前阀开启的安全隐患；应急抢险调度方案不合理；包河区人民政府及其所属的住房和城乡建设局、淝河镇人民政府未扎实开展燃气特别是居民家用燃气安全专项整治工作，对燃气安全风险底数不清、情况不明。,0
北京市大兴区“11·18”重大火灾事故调查报告,19,8,0,直接原因：冷库制冷设备调试过程中，被覆盖在聚氨酯保温材料内的铝芯电缆因电气故障造成短路，引燃周围可燃物。该电缆敷设不规范、安全载流量不能满足负载功率要求、与断路器不匹配导致断路器未有效动作。火灾蔓延扩大是由于冷库建设过程中使用了不符合标准的易燃聚氨酯材料作为内绝热层；燃烧产生的一氧化碳等有毒有害烟气及其他材料释放出的气体参与爆燃，爆燃冲击波冲开冷间门，加速烟气从敞开楼梯等途径迅速蔓延至地上建筑；地下冷库与地上建筑之间未采取防火分隔措施、未分别独立设置安全出口和疏散楼梯；地上二层的聚福缘公寓窗外设置有影响逃生和灭火救援的障碍物。间接原因：1.违法建设、违规施工、违规出租，安全隐患长期存在。樊兆田/康特木业公司未取得审批许可长期实施违法建设、在违法建筑内违规建造冷库、违法出租、未落实消防技术标准和安全责任制、冷库建设过程中违规使用不合标准的旧铝芯电缆并安装不匹配的断路器、未对电缆采取可靠防火措施。科辰公司在冷库保温材料喷涂过程中，违反安全规程违规施工作业，将未穿管保护的电气线路直接喷涂于聚氨酯保温材料内部，并擅自降低施工标准使用不符合标准的建筑保温材料。工美装饰公司将违法建筑用于出租、未落实消防安全责任制、日常消防管理和人口流动登记管理缺失。2.镇政府落实属地安全监管责任不力，对违法建设、消防安全、流动人口、出租房屋管理等问题监管不力。新建二村党支部、村委会未能及时制止违法建设、安全检查流于形式、管理失职并为违法建设提供虚假证明。西红门镇党委、镇政府履行消防安全监督检查职责不到位，查处乡村违法建设不力，镇规划科对违法建设管控工作缺失且未有效制止，镇安全科对消防安全隐患监管不力，镇流管办未将公寓式出租房屋纳入管理范围。大兴区政府落实属地安全监管责任不力，对消防安全工作、出租房屋和流动人口管理不到位，对全区大量存在的违法建设问题失管失察。3.属地派出所、区公安消防支队和区公安分局针对事发建筑的消防安全监督检查不到位。市公安局大兴分局金星派出所长期以来对事发建筑消防安全监督检查不到位。大兴区公安消防支队对辖区内消防安全和消防安全隐患排查工作监督、指导不力。,2
北京市西城区右安门内大街6号“12.10”火灾事故调查报告,1,2,161.332623,事故直接原因是右安门内大街6号楼2单元楼顶闷顶内的木材和压制稻草发生长时间阴燃，燃烧条件充分后转入明火燃烧，并在2单元北坡烟囱附近突破房顶，火势快速扩大蔓延。起火原因包括：闷顶内发生阴燃、闷顶内可燃物（上世纪的木结构和压制稻草）具备阴燃条件、电气线路故障或防水作业使用的丙烷喷灯遗留火种引燃闷顶内可燃物。火灾蔓延原因包括：闷顶内长时间阴燃后大量空气进入导致可燃物充分燃烧，且建筑闷顶内没有隔墙；建筑产权单位缺乏房屋安全管理，未落实防火巡查制度，未及时发现并处置初期火灾；施工单位违反相关规定，存在违规动火行为，未确认现场安全条件，且在施工结束后将剩余的防水卷材和丙烷气瓶堆放于屋顶。人员伤亡原因包括：火灾由阴燃转入明燃后迅速蔓延，导致3单元楼顶和吊顶结构坍塌造成人员被埋压致伤亡；建筑产权单位未制定居民防火安全制度及应急预案，没有第一时间开展应急处置并组织人员疏散。,0
十里堡镇“7·1”亡人火灾事故调查报告,1,0,0,起火部位位于王某某家平房客厅西侧沙发处，起火原因系遗留火种所致。事故暴露出基层在重点关爱人群摸排（死者王某某未被纳入）、帮扶措施落实不到位（未配备技防物防措施，未帮助处理捡拾物品）以及消防工作不深不细、宣传提示薄弱等问题，导致村民安全用火意识不强，逃生自救能力差。,0
华诚改性塑料有限公司“7.1”火灾事故调查报告,0,0,50,"直接原因：潍坊华诚改性塑料有限公司废料库既有可燃废料堆积存放又有生产设备（造粒机、割丝机），可燃废料堆积设备周边，造粒机由于运行时温度较高，引燃了附近可燃物发生火灾，是造成这次事故的直接原因。
间接原因：1. 潍坊华诚改性塑料有限公司安全生产主体责任不落实：①企业安全教育培训不到位，主要负责人未经安全培训合格，工人安全知识匮乏，安全生产意识淡漠。②企业隐患排查治理不到位，未组织开展隐患自查自纠活动，对专家排查出的隐患也未全部落实整改措施，致使企业生产现场隐患长期存在。③企业应急管理工作不到位，未组织评审备案应急救援预案，未对职工进行应急管理知识培训和定期演练，致使职工不具备基本的应急知识和自救能力。2. 有关部门履行安全监管职责不到位：①工业发展区作为辖区内企业安全生产属地监管部门，督促企业落实安全生产主体责任、隐患排查整改、安全教育培训、应急管理工作不到位。②区公安分局眉村派出所作为“九小场所”消防安全监管单位，贯彻落实《山东省公安派出所消防监督检查规定》不到位，对检查发现的消防安全隐患督促整改不到位。",0
华阴市“12·12”锦绣苑小区火灾事故调查报告,2,0,0,直接原因认定为吸烟时未熄灭的烟蒂引燃被褥蔓延成灾。事故系居民消防安全意识淡薄，缺乏自救逃生能力，并有饮酒吸烟等习惯造成，且火灾发生在晚上，人员处于睡眠状态，反应迟钝，死亡人员逃生意识和能力不足，其中一人处于醉酒状态。,0
南充市南部县定水镇 “2?28” 乡镇养老院火灾事故调查报告,0,2,4.2,起火原因为乡镇养老院老人违规使用“三无”电暖器，且将易燃物品覆盖在取暖设备上，设备温控故障过热引燃毛毯，引发火灾。灾害成因包括养老院管理严重缺位（未办理消防备案、违规使用民用住宅改造、采购“三无”取暖设备、未建立夜间巡查制度、护工应急处置能力不足、未组织老人开展疏散演练），老人安全意识薄弱（违规在电暖器上覆盖毛毯且未关闭电源便入睡，对电气取暖设备风险认知不足，未接受消防安全培训），以及基层监管不足（民政局未发现养老院未备案、使用“三无”设备等问题，定水镇政府未督促养老院完善消防设施及应急制度）。,0
南充市南部县定水镇星光村 “11?02” 塑料回收点火灾事故调查报告,0,0,9.8,火灾直接原因为分拣机电机电源线因长期超负荷运行，接头处出现过热熔化，引燃周边散落的塑料碎片，进而蔓延至储存区塑料堆。间接原因包括：经营者周强运营管理混乱，未定期维护分拣设备线路，设备长期超负荷运行，塑料回收物堆垛过高且与电气设备未保持安全距离，未配备有效消防设施；基层监管缺失，村委会未将回收点纳入排查，镇市场监督管理所未查处其无照经营；经营者安全意识不足，未接受消防安全培训，不清楚设备超负荷运行风险，初期灭火处置不当。,0
南充市顺庆区舞凤街道金域蓝湾小区 “8?17” 地下车库违规充电火灾事故调查报告,0,0,18.5,火灾直接原因为小区居民陈明违规在地下车库机动车区域私拉非国标延长线为电瓶车充电，导致锂电池过充热失控爆燃，引燃周边车辆。间接原因包括车主安全意识缺失，物业公司巡检频次不足、未及时发现并制止违规充电，车库公共插座缺乏充电保护装置；以及巡检员应急处置措施不当，物业公司未针对锂电池火灾制定专项应急处置方案。,0
南充市高坪区龙门街道城中村 “2?13” 自建房商铺火灾事故调查报告,0,1,7.2,起火原因为城中村自建房商铺使用 “三无” 充电宝及私拉电线充电，充电宝热失控叠加电线电火花，引燃易燃装修材料及商品，引发火灾。灾害成因包括：经营者安全意识缺失，未办理消防备案，私拉乱接电气线路且使用 “三无” 充电设备，装修选用易燃材料，商品堆放超量且遮挡疏散通道，夜间未关闭充电设备及照明导致火情扩大；自建房监管存在漏洞，龙门街道办事处未开展专项消防排查，未及时发现违规装修、私拉线路等问题，未督促配备合格消防设施；基础设施薄弱，城中村市政消火栓水压不足，建筑间距过小，房屋密度大，未设置公共消防水源及应急照明。,0
南头街道南龙苑“11.27”事故调查报告,2,3,0,直接原因：此次事故因梁某勇不慎操作导致泄露遇火源发生爆炸。具体为梁某勇在改装“环保油”罐体时，用电动砂轮机切割罐体，并在之后对店内电动车架进行氩焊作业，可能导致罐体观测管连接口脱落造成剩余的“环保油”泄露挥发。随后梁某勇与黄某峰在维修电动车电路时发生事故。间接原因：1. 梁某勇私自购买甲醇，自行勾兑并投入使用，未按国家有关危险化学品的法律法规生产、储存、使用“环保油”。2. 南龙苑小区A栋107商铺所有人杜某花及丈夫杨某、南龙苑管理处负责人刘某凤等人未依法履行安全职责，一层（及夹层）至二层的步梯分隔不符合消防技术标准要求，导致一层爆炸后火势蔓延至二层。3. 深圳市金海隆化工有限公司随意销售危险化学品甲醇，致使大量甲醇流入市场，任由购买人自行勾兑成“环保油”销售、使用，造成隐患。,0
南安市九都镇墩兜村西路3号民房“2020·12·19”火灾事故调查报告,1,0,0,直接原因：不能排除吸烟不慎引起的火灾。间接原因：群众的消防安全意识不强。该老人已78岁，行动不便，有卧床吸烟的不良生活习惯；子女等看护人未尽到防火教育、火源管控等职责。相关镇、村对消防培训、宣传教育覆盖面不广，对老人小孩等重点人群的消防宣传教育培训还比较薄弱。,0
南安市仑苍镇仑苍大道212-1号店面“2023.12.27”火灾事故调查报告,2,3,26.28,直接原因：林某明厨房炊事用火不慎引燃周边可燃物引发火灾。间接原因：防火分隔措施不到位（如厨房内存放液化石油气罐未采取防火分隔、部分楼梯被拆除并采用木板隔断、五层采用镂空金属栅栏门导致烟气蔓延）；安全疏散条件不完善（如每层窗口设置影响逃生的金属栅栏、仅有西侧单楼梯通道、东侧疏散楼梯被破坏）；消防安全管理缺失（如产权人未明确消防安全职责、楼道内堆放大量可燃物、未组织消防安全培训演练）；扑救初期火灾能力不足。监管原因：仑苍镇仑苍村委员会、仑苍派出所、仑苍镇人民政府、南安市住房与城乡建设局、南安市城市管理和综合执法局、南安市消防救援大队等部门在落实消防安全网格化管理、日常消防监督检查、宣传教育、自建房和燃气安全专项整治、督促指导等职责方面存在不到位或不深入的问题，未能及时发现并督促整改安全隐患。,0
南岗区冰城九洲源肉食品加工厂“6·27”较大火灾事故调查报告,4,2,353.2,"1.直接原因 哈尔滨市南岗区冰城九洲源肉食品加工厂在建冷库东墙上违章喷涂聚氨酯发泡材料包裹的铠装电缆，电缆内部短路形成高温电弧，击穿电缆保护层，引燃周围聚氨酯发泡材料并蔓延成灾。
2.间接原因（1）哈尔滨市南岗区冰城九洲源肉食品加工厂对安全生产工作不重视，安全隐患未得到排除引起火灾。一是电气线路敷设极不规范，入户总闸的进户线从相反方向接入，一层冷库内的电缆未采取电缆桥架保护等保温密闭措施，被墙壁上喷涂的聚氨酯泡沫覆盖。二是一层与二层之间的货物升降梯未采取防火分隔措施，二层缓化间、更鞋间疏散门封闭且被货架遮挡无法通行，厂房二层车间未设置无机械排烟，自然排烟窗全部封闭无法开启，厂房未设置火灾应急照明灯、疏散指示标志等消防疏散设施。三是单位消防安全主体责任不落实，未进行过消防安全管理和检查，未组织过消防安全演练和消防安全培训。四是该自建厂房为农村自建房、砖混结构，是典型的集生产、储存、住宿、办公“多合一”场所，与相邻建筑防火间距不足。（2）冰城九洲源肉食品加工厂属非消防安全重点单位，由哈尔滨市公安局南岗分局王岗镇派出所负责日常消防监督管理工作。王岗镇派出所虽然对该加工进行了消防日常监督检查，下达了责令整改通知书，但王岗镇派出所对辖区内消防监督管理工作部署落实未严格履责尽责、事后监督不力，未对下达的责令整改情况落实进行监督检查。（3）南岗区王岗镇政府作为事故企业所在辖区政府，存在对压实压紧工作责任、扎实开展排查整治、宣传教育等通知精神贯彻落实不到位，对辖区生产安全消防工作监督检查督导不力，未按照属地责任规定落实工作和未压实落靠企业主体责任等问题。哈达村村委会未对该厂进行排查，监督管理失管失控。",1
南岭镇王告村“2·12”森林火灾调查报告,0,0,3.0528,直接原因：经公安机关依法查明，2024年2月12日10时30分许，南岭镇王告村村民钟*传因在家祭祖时，将鞭炮在其房屋侧后燃放，燃放过程中引起山岭上（南岭镇王告村上王坑片山坳头山岭）的可燃物着火，造成森林火灾。间接原因：受天气因素影响，我县森林火险黄色预警生效中，容易引发森林火灾；该肇事者森林防火意识不强，屋后距离山脚较近、杂草干枯，其未事先做好防火措施，发生山火后，对处置山火的能力不强，从而导致森林火灾。,0
南康区“2017.12.30”较大火灾事故调查报告,5,0,0,直接原因：卢某辉自建房北端自行搭建的金属棚架内电气线路短路引燃周边可燃物引起火灾。造成火势迅速蔓延和人员伤亡的主要原因是：起火建筑属于典型的“通天房”，发生火灾时烟热沿内楼梯迅速蔓延，形成“烟囱效应”；加之天井顶部用玻璃封闭，北端自行搭建了金属棚架，建筑内存放大量易燃可燃物品，尤其是楼梯、过道也堆放了物品，在以上诸多不利因素下，火势迅速蔓延并产生大量高热有毒有害烟气，造成了重大人员伤亡。间接原因：对涉事房主占道经营整治不力，南康区城建监察大队唐江中队未采取有效措施制止纠正其违规行为。没有依规组建政府专职消防队和编制消防专项规划，唐江镇公共消防应急队伍建设滞后，南康区消防大队在整合唐江消防站队员时未及时书面报告区政府。火灾隐患检查整治不到位，唐江镇政府、南康区公安局唐江派出所、唐江社区居委会日常消防监督检查工作存在盲区、死角。消防宣传教育不到位，唐江镇政府、南康区公安局唐江派出所、唐江社区居委会宣传教育形式单一、力度不够，居民消防安全意识和应急逃生技能缺乏。,1
南海区“10·16”较大火灾事故调查报告,4,2,432.1132,直接原因：佛山市南海区佛胜鞋厂喷漆房水帘喷漆柜照明线路短路喷溅熔珠引燃油垢等可燃物起火。间接原因：1. 佛胜鞋厂消防安全主体责任不落实，内部安全管理混乱，包括未落实安全生产责任制、未建立健全安全管理制度和消防安全管理制度、未对员工进行消防安全知识培训和演练，导致从业人员缺乏扑救初期火灾和有效逃生的能力；厂房未经规划、建设、消防、环保审批验收，电气线路及用电设备缺乏专业维护和防火保护，车间内存放大量可燃物，违规搭建的锌铁棚增加了火灾负荷并影响人员疏散和火灾扑救。2. 相关责任单位监管责任落实不到位，包括平西经联社作为业主单位以租代管，未尽安全管理基本职责；平西村委会消防安全责任意识不强，未能全面落实消防安全隐患排查责任；佛山市公安局南海分局桂城派出所消防管理工作不力，日常巡查流于形式；佛山市公安局南海分局防火大队对不具备消防安全条件的生产经营单位缺乏有效管控措施，执法力度不够；南海区环境运输和城市执法局桂城分局未能及时发现和依法处理长期存在的违法建设厂房，致使佛胜鞋厂在不具备安全生产条件的情况下从事生产经营活动。,1
南海区“11·20”较大火灾事故调查报告,6,1,707.12,直接原因为“谭约东村134号无照床上用品厂”首层电气线路故障短路引燃周边可燃物导致火灾。造成火势迅速蔓延和重大人员伤亡的主要原因是：该厂屋顶使用泡沫彩钢板和生产区域内阁楼使用木材等可燃性建筑材料；生产区域内无序堆放大量生产原料、半成品、成品；未按照规定设置消防通道；生产区域和住宿区域未采用合格有效的实体防火墙进行隔离，生产作业未采取基本有效的消防安全措施，导致火势迅速蔓延并产生大量高热有毒有害烟气，在消防疏散通道被堵塞、消防设施管理维护不善等多种不利因素下。间接原因包括：1. “谭约东村134号无照床上用品厂”消防安全主体责任不落实，内部安全管理混乱，未建立消防安全管理制度，未对员工进行消防安全知识培训和演练；厂房未经审批验收，电气线路及用电设备缺乏专业维护，车间内存放大量易燃可燃物，且违规搭建锌铁棚；该建筑物为生产、仓储、住宿“三合一”场所，是违章建筑，生产区域与居住区域未进行防火、防烟分隔；事故单位实际控制人刘潭飞未组织火灾初期扑救并逃离现场，未及时向相关部门报告火场情况。2. 相关责任单位监管责任落实不到位，包括：联安社区谭约三股份合作经济社对出租地块建设纵容、以租代管；联安社区消防安全管理责任落实不到位，对发现的隐患督促整改不力；大沥镇党委、政府对督促辖区内社区及各职能部门落实工作不力；大沥镇城市管理局对违法建设查处不力，只立案不处罚；佛山市公安局南海分局盐步派出所消防管理工作不力，日常巡查走过场；大沥工商行政管理局未能发现无照生产经营行为，监管不到位；大沥镇消防办对“三合一”场所消防隐患排查和整治工作不到位；南海公安分局防火大队消防安全监管工作不力、执法力度不够；大沥镇安全生产监督管理局未能及时发现事故企业存在的生产经营行为并纳入日常监管。,1
南部县定水镇星光村 “11?02” 塑料回收点火灾事故调查报告,0,0,9.8,直接原因：分拣机电机电源线因长期超负荷运行，接头处出现过热熔化，引燃周边散落的塑料碎片，进而蔓延至储存区塑料堆，引发火灾。间接原因：1. 运营管理混乱：经营者周强未定期维护分拣设备线路，设备长期超负荷运行；塑料回收物堆垛过高且未与电气设备保持安全距离，未配备有效消防设施。2. 基层监管缺失：村委会和镇市场监督管理所未能有效排查并查处回收点的安全隐患及无照经营行为。3. 安全意识不足：经营者周强未接受消防安全培训，不清楚设备超负荷运行风险，初期灭火处置不当。,0
博白县永安镇城治村良堂队“12·28”事件调查报告,2,2,20.2,直接原因是赵业容在住房存放烟花原料易燃危险品，引燃了放置在房屋内的所有烟花半成品及其他可燃物品，燃烧发生后因房门内开堵住逃生通道，导致在屋内的赵业容、彭俊锋2人窒息死亡，彭超日、彭菲怡2人严重烧伤。间接原因包括：赵业容、彭超日缺乏安全知识和法律意识，安全意识不强，在居住场所存放烟花原料易燃危险品，操作不当或火源管理不严；彭毅、苏荣峰非法加工烟花，并分发装填了火药的烟花饼给包括赵业容在内的村民带回家中插引线；以及永安镇党委政府、永安镇国土规建环保安监站、博白县公安局永安派出所、永安镇城治村村“两委”等有关单位对烟花爆竹“打非”工作责任不落实到位，不及时排查发现打击非法加工窝点和储存行为，安全监管不全面不彻底。,0
博罗县石湾镇惠州市惠明包装科技有限公司“5·24”火灾事故调查报告,1,0,838.36,直接原因系鹏得公司员工唐圣校在惠明公司仓库东北侧围墙的铁架上进行电焊作业，作业时掉落的焊渣引燃惠明公司存放珍珠棉的仓库东侧小卷帘门底部溢出的丁烷气体，随后引发仓库着火，进而迅速蔓延成灾。间接原因包括：1. 惠明公司安全意识淡薄，厂房、仓库未经消防审核验收，无除静电措施，违规存放珍珠棉，排风设备不足，丁烷气体聚集，且未告知鹏得公司危险性并签订安全协议。2. 鹏得公司安全生产主体责任不落实，动火作业审核把关不严，安排无证人员从事电焊作业，未告知惠明公司并在同一区域签订安全生产管理协议。3. 石湾镇滘吓村委会消防日常巡查不到位，未及时发现处理事故隐患。4. 石湾镇人民政府未督促辖区企业落实安全生产主体责任，未能及时消除生产安全事故隐患，属地管理责任落实不到位。,0
双桥区头道牌楼街道办事处粮运小区2号楼4单元209室“2024.8.17”亡人火灾事故调查报告,1,0,3.186976,火灾直接原因为次卧东侧靠墙插座内电线短路引燃货架上可燃物。延伸调查发现，居民消防安全意识淡薄，在用电磁炉做饭时使用的插线板周围堆放可燃物且长时间使用；缺乏逃生常识和自救意识，发现起火后未立即逃离现场而是用水扑救，失去最佳逃生时机；死者商国生患有心脏病等老年基础疾病，身体行动较为不便，起火时为2位老人在家，发现起火后进行救火，未能及时逃生。此外，街道办事处指导工作不力，居委会对包保片区入户排查不到位，在火灾隐患和消防安全风险辨别方面能力不足，对辖区独居老年人等重点人员的消防安全登记、救助制度落实不到位。,0
双桥区牛圈子沟镇丽景华庭北区1号楼2单元204室“2023.4.10”亡人火灾事故调查报告,1,0,0.16815,认定起火原因为闫桂芬卧床吸烟不慎，烟头引燃床上用品引发火灾。事故暴露出的问题包括：起火住宅中有患有精神疾病且有卧床嗜烟习惯的老年人居住，经常无人照顾，自救能力差；对重点人员消防安全登记、救助制度落实不到位；以及消防宣传工作开展不扎实。,0
台州大东鞋业有限公司“1.14”重大火灾事故调查报告,16,5,0,直接原因：位于鞋厂东侧钢棚北半间的电气线路故障，引燃周围鞋盒等可燃物引发火灾。间接原因：1.大东鞋厂主体厂房未经消防审批，厂房内消火栓形同虚设，各层楼梯未经封闭，疏散楼梯门未采用平开门，存在严重消防安全隐患。厂房内电气线路及用电设备没有专业电工维修保养，线路陈旧、敷设不规范，部分线路未采取穿管等防火保护措施，直接经过存放大量纸箱、成品鞋及可燃杂物等可燃易燃物品的包装车间，导致电气线路起火后迅速蔓延。同时，违规擅自搭建的铁棚更增加了火灾负荷，影响了人员疏散和火灾扑救。2.大东鞋厂内部安全管理混乱，安全生产主体责任不落实，消防安全无人具体负责，并因计件工资及员工流动性大等原因，企业内部组织管理松散，安全生产责任制、安全生产规章制度均得不到有效执行和落实。3.温岭市城北街道杨家渭村委会以包代管、放纵违章，未尽安全管理基本职责。杨家渭村委会未履行房屋出租方安全生产管理职责和基层消防安全检查责任，放纵大东鞋厂违章搭建行为，对大东鞋厂长期存在的严重消防安全隐患没有及时劝阻并向上级政府和有关部门报告。4.温岭市城北街道以及辖区派出所消防安全“网格化”管理工作制度在实际工作中没有很好落实，日常消防和安全生产监督检查不到位。大东鞋厂开办十年来街道有关部门和派出所没有对其进行安全专项检查，仅以驻村干部例行检查代替安全检查，基层政府和相关部门安全管理存在死角盲区，致使大东鞋厂严重消防安全隐患长期没有得到有效整治。5.温岭市相关部门消防安全监管工作不落实、不到位。大东鞋厂违章搭建行为及企业内部严重消防安全隐患长期没有得到重视和整治，反映出当地消防安全大检查大排查没有真正做到“全覆盖、零容忍、严执法、重实效”，打非治违和隐患排查治理工作仍不彻底，消防、城管、安监等部门在执法、监管和指导城北街道工作上存在疏漏。6.温岭市委、市政府对消防安全重视不够，履职不到位。在全省上下认真开展消防安全大排查大整治期间发生重大火灾事故，暴露出当地党委、政府对有关部门和基层街道政府开展消防安全打非治违和隐患排查治理工作督促、指导、检查力度不大、落实不够，基层安全监管仍浮在表面、存在漏洞，隐患排查整治仍不彻底。,2
右江区太平街隆平巷79号民房“8·5”较大火灾事故调查报告,6,0,47.33,直接原因：停放在百色市右江区太平街隆平巷79号一层阁楼下的电动自行车电池爆炸引燃周围可燃物引发火灾。间接原因：房主李兰燕消防安全意识淡薄，违规将电动车停于室内，未落实消防安全防范措施；政府及职能部门对辖区自建民房消防安全监管不力，包括百城街道办事处督促社区消防宣传工作不力、排查整治和宣传教育工作记录不全，百色市公安局新兴派出所未按规定指导社区开展消防隐患排查和宣传教育工作，右江区百城街道太平社区居民委员会未制定居民防火公约且未严格开展火灾防范综合治理工作，百色市右江区住房和城乡建设局在规划验收时审核把关不严。,1
叶城县江格勒斯乡阿依坎尼特村2组012号“1·25”一般火灾事故调查报告,1,0,0,起火原因无法排除遗留火种引起火灾的可能性。调查组通过走访调查、环境勘验和气象记录，排除了人为纵火、外来火源、雷击、用火不慎以及死者酒后卧床吸烟乱丢烟头引燃可燃物的可能性。在起火点（客厅内东南角摆放的“┎”形软包沙发和茶几处）的塌落物中发现一只打火机的金属防风帽，且对建筑内电气线路及电表箱勘验，均未发现故障及短路痕迹。事故暴露出的问题包括基层责任落实不到位、农村消防基础薄弱和宣传教育质效不高。,0
叶城县消防救援大队关于叶城县雪域D区30号楼3单元501室“8.5”亡人火灾事故评估自查情况报告,1,0,0,直接起火原因为户主宗巴酒后卧床吸烟，烟头点燃床上被褥引发火灾。延伸调查发现的问题包括：基层责任落实不到位，乡镇(街办)、村(社区)缺乏行之有效的火灾防控措施，基层干部在开展消防工作中流于形式，存在重动员部署轻考核问效的问题，导致基层最末端缺乏消防安全管理及措施；村(社区)消防基础薄弱，消防规划滞后，大多数农村地区缺少天然水源和消防取水口，乡镇消防站建设不到位，存在道路狭窄或车辆堵塞通道，影响火灾扑救；宣传教育质效不高，对“嗜酒、嗜烟”这一群体的宣传针对性不强，导致此类群体卧床吸烟、乱扔烟头的陋习没有大的改变。,0
叶城县石榴小区B区4号楼1单元502室“3·13”一般火灾事故调查报告,1,0,0.2,起火点位于卧室内紧贴北侧和西侧墙摆放处的木质软包床处。不排除死者酒后卧床吸烟乱丢烟头引燃可燃物引发火灾的可能性。事故暴露出的问题包括基层责任落实不到位（基层干部流于形式，缺乏管理）、农村消防基础薄弱（消防规划滞后，缺少水源，消防车到场时间无法保证）以及宣传教育质效不高（对“嗜酒、嗜烟”群体的宣传针对性不强）。,0
合江县九支镇盘龙村 “2?20” 小型家具喷漆房火灾事故调查报告,0,0,8.8,技术检测表明，空气压缩机电源线因长期超负荷运行，接头处出现过热熔化，引燃地面油漆滴落物，进而蔓延至原料区油漆桶，引发火灾。此外，事故还存在作业管理混乱（张伟未办理动火作业手续，喷漆房内使用非防爆电气设备，油漆原料未单独隔离存放，与电气设备未保持安全距离，未配备消防设施），基层监管缺失（村委会未将喷漆房纳入排查，镇市场监督管理所未查处无照经营行为），以及安全意识不足（张伟未取得喷漆作业资格证，未接受消防安全培训，不清楚油漆易燃特性，初期灭火未优先隔离油漆原料）等问题。,0
合肥3死1伤汽配城火灾调查报告,3,1,30,直接原因为汽车应急启动电源电气线路故障引燃周边易燃可燃物引发火灾。间接原因为主体责任不落实，合肥皖粤汽修部存放汽油等易燃可燃物，将商铺二层改造为居住场所并违规居住；安徽华中汽配物业公司，未及时消除市场内存在“三合一”商户的火灾隐患。属地管理和行业监管责任落实不到位，包河区淝河镇、包河区住建局、包河区消防救援大队、淝河镇平塘王村民委员会、 包河区政府等单位，未认真履行属地管理责任和监管职责，未及时消除市场内存在“三合一”商户的火灾隐患。,1
吐鲁番市高昌区胜金乡色格库勒村4组外某“8·14”民房火灾事故调查报告,2,0,2.31175,外某住宅内起火房间热水壶电源线电气线路故障引燃周围可燃物引发火灾。,0
吕梁市临县临泉镇湫河花苑小区“5·7” 较大火灾事故调查报告,5,0,840.42,直接原因：临县临泉镇湫河花苑小区1号楼1单元8层电缆井内户内供电电缆与绝缘穿刺线夹接触不良，弧光放电进而引燃电缆护套等易燃可燃物导致蔓延成灾。间接原因：日日高房地产公司擅自变更设计使用铝芯电缆，与原图纸设计不符；绝缘穿刺线夹T接电缆施工安装不规范，未进行绝缘保护；电缆井未按要求进行防火封堵，电缆桥架未加盖盖板密封；物业服务企业安全管理责任落实不到位；临泉镇及凤城社区履职安全管理责任不到位；相关监管部门履职不到位；临县县委、县政府对消防安全组织领导不力。,1
吕梁市汾阳钟楼佳苑小区7号楼“5·8”较大火灾事故调查报告,3,2,538.78,直接原因：汾阳市钟楼佳苑小区3区7号楼4层电缆井内居民户内供电电缆与绝缘穿刺线夹接触不良，弧光放电进而引燃电缆护套等易燃可燃物导致蔓延成灾。间接原因：1. 擅自变更设计使用铝芯电缆。2. 绝缘穿刺线夹T接电缆施工安装不规范。3. 未按要求进行防火封堵。4. 钟楼佳苑小区3区7号楼疏散楼梯间通向屋面平台的安全出口锁闭；常闭式防火门未处于关闭状态，导致大量烟气向楼梯间及前室蔓延，加速了火势蔓延。5. 汾阳市东和物业管理有限公司主体责任落实不到位。6. 汾阳市人民政府、太和桥街道办、新开路社区委员会及汾阳市住建局履行建设工程施工管理不力。7. 汾阳市人民政府、太和桥街道办、新开路社区委员会及汾阳市公安局、汾阳市住建局履行消防安全监管职责不到位，对高层住宅建筑火灾隐患排查、督促整改未形成闭环管理。,1
启东市吕四港镇南星桥村“6·28”火灾事故调查报告,0,1,0,直接原因：加料作业时，溶剂油等物料通过导管从物料桶导入反应釜过程中产生静电，引发火灾。间接原因：1.负责人黄刚未取得工商营业执照和危化品生产许可证等相关证照，在该场所进行生产经营活动；未按照要求对员工进行安全生产教育培训；未开展隐患排查治理等。2.吕四港镇南星桥村未认真落实上级安全生产责任制的相关要求，在历年的安全生产大检查、安全隐患大排查大整治行动中均未摸排出该着火仓库的相关情况，导致该仓库一直处于市镇村监管盲区。3.吕四港镇对皇嘉公司办理危险化学品经营许可证存在审查不严，违规办理等问题。,0
和田市玉河街道夏玛勒巴格村“4·3”号住宅火灾事故调查报告,1,0,0.0196,该起火灾事故是涉事当事人醉酒卧床吸烟起火导致。当事人平时有饮酒习惯，日常伴有卧床抽烟，防火意识薄弱，对火灾危害性认识不足，且酒后自救逃生意识差。间接原因包括街道党委安全领导责任落实不到位，村委未做到定期上门宣传教育，未发现安全隐患和当事人长期嗜酒习惯，以及死者配偶未制止和劝导其嗜酒习惯，未及时发现其饮酒且未尽看护义务。,0
哈尔滨市“6·15”火灾事故调查报告,2,0,150,402室住户李某使用的多功能插座因长期超负荷使用且电线老化，导致电气线路短路，火花引燃了阳台堆放的杂物，是本次事故的直接原因。间接原因包括：李某消防安全意识淡薄，违规使用超负荷插座，且在房间内堆放大量易燃杂物；哈尔滨中央物业服务有限公司未有效履行物业管理责任，未对楼宇进行日常消防安全巡查和宣传，未能及时发现并制止住户违规用电和堆放杂物的行为；行业监管部门对物业公司的安全管理指导和监督不足，对辖区内居民楼的安全监管和消防宣传工作不够深入细致，未能有效提升居民的消防安全意识。,0
哈尔滨市南岗区冰城九洲源肉食品加工厂“6·27“较大火灾事故调查报告,4,2,353.2,直接原因：哈尔滨市南岗区冰城九洲源肉食品加工厂在建冷库东墙上违章喷涂聚氨酯发泡材料包裹的铠装电缆，电缆内部随路形成高温电弧，击穿电缆保护层，引燃周围聚氨酯发泡材料并蔓延成灾。间接原因：1. 哈尔滨市南岗区冰城九洲源肉食品加工厂对安全生产工作不重视，安全隐患未得到排除，包括电气线路敷设不规范、消防疏散设施不健全、单位消防安全主体责任不落实，且该厂房为典型的集生产、储存、住宿、办公“多合一”场所，与相邻建筑防火间距不足。2. 哈尔滨市公安局南岗分局王岗镇派出所对辖区内消防监督管理工作落实不到位，未严格履责尽责、事后监督不力，未对责令整改情况落实进行监督检查。3. 南岗区王岗镇政府对压实压紧工作责任、扎实开展排查整治、宣传教育等通知精神贯彻落实不到位，对辖区生产安全消防工作监督检查督导不力，未按照属地责任规定落实工作和未压实落靠企业主体责任；哈达村村委会未对该厂进行排查，监督管理失管失控。,1
嘉定工业区娄陆公路590号“4·30”火灾事故调查报告,0,0,518.61,火灾的直接原因为化学品自燃引燃周边可燃物扩大成灾。间接原因包括：峥海公司违规存放超出建筑火灾危险性等级的物品及危险化学品，货物混存混放，未落实消防安全责任制和管理制度，未开展消防安全巡查和应急准备；惠硕公司作为承租方及转租方，自身及承租单位均违规存放物品，未制定安全管理制度，对承租单位安全管理缺失；启豫公司违法建造建筑并出租，对各方消防安全责任落实不到位，对承租单位长期违规存放危险品未制止；属地三里村及工业区管委会违法用地、违法建筑整治不到位，消防安全风险评级和网格排查不到位，以及厂房仓库专班管理不力。,0
四川省盐边县渔门镇湾恢村田坝组32号附1号“1·27”火灾事故调查报告,1,0,1.9,该起火灾的直接原因为陶瓷烤火盆引燃可燃物蔓延成灾。事故暴露出主要问题是群众消防安全意识薄弱，死者家属在使用木炭供暖时将陶瓷烤火盆与可燃物（如沙发、木板）距离过近，加之死者行动不便，导致火灾发生后迅速蔓延并致人死亡。此外，农村地区火灾防控基础设施配备有待加强，消防设施缺乏，农村地区群众普遍欠缺消防安全意识和自救逃生能力，导致扑救初期火灾的能力较弱且极易发生亡人火灾。,0
坡头区官渡镇“10.31”较大火灾事故调查报告,4,0,41.3,直接原因为黄旭才住宅楼一楼东侧货架上方范围内的电气线路故障引燃货架上可燃物导致火灾，故障电线发生过明显的一次短路和二次短路。间接原因包括：1. 黄旭才住宅楼设置五金店未按规范进行防火防烟分隔，店内堆放大量可燃物商品，致使起火后产生大量有毒浓烟并迅速蔓延，造成人员窒息。2. 人员逃生自救意识能力不强，对火灾危险性认识不足，逃生方法和路径选择失误。3. 住宅楼设置防盗网，未开设逃生窗，阻碍人员通过窗户逃生，缺少安全逃生通道。4. 基层各职能部门在消防专项活动中监督、检查、整治不到位，存在以文件传文件、走过场问题；基层消防检查人员知识水平不高，网格化管理落实不力，未能发现经营场所与住宅楼未物理分隔的问题，导致遗留隐患酿成事故。,1
城北镇明阳村黄永平汽修厂“10?18”火灾事故调查报告,1,0,70,直接原因：梅州市梅江区黄永平汽修厂经营者黄永平，安全意识淡薄，不具备特种作业资格违法违规进行电焊作业，电焊产生的高温且带有明火的焊渣，溅落在车牌为赣CQ7805的牵引车的油箱上，引起油箱爆燃，火势蔓延成灾，并导致严志明死亡。间接原因：梅州市梅江区城北镇明阳村黄永平汽修厂只有2个手提式灭火器，且厂内及周边均无消防设施、设备，消防设施、设备的严重缺失、不足是事故发生的间接原因。,0
大兴区“11·18”重大火灾事故调查报告,19,8,0,直接原因：冷库制冷设备调试过程中，为冷库压缩冷凝机组供电的铝芯电缆电气故障造成短路，引燃周围可燃物。具体是3号冷间敷设的铝芯电缆无标识、连接和敷设不规范，未采取可靠防火措施被聚氨酯材料覆盖，安全载流量不能满足负载功率要求，电缆与断路器不匹配，发生电气故障时断路器未有效动作，综合因素引发电缆电气故障短路，高温引燃可燃物并蔓延。火灾蔓延扩大的主要原因是冷库建设中采用不符合标准的B3级易燃聚氨酯材料作为内绝热层；燃烧产生的一氧化碳等有毒有害烟气及其他物质参与爆燃，产生的动能冲开冷间东门，烟气在蔓延过程中多次爆燃，通过未设防火门的冷库与地上建筑连接处迅速蔓延至地上建筑，导致人员死伤；地上公寓窗外设置了影响逃生和灭火救援的障碍物。间接原因：1. 违法建设、违规施工、违规出租，导致安全隐患长期存在。樊兆田在未取得审批许可的情况下持续违法建设，康特木业公司在违法建筑内无设计建造冷库，违规出租且未签订安全管理协议，未按消防技术标准分区及设置独立安全出口、疏散楼梯，未设置消防控制室等固定消防设施，未落实消防安全责任制；冷库建设中使用不合标准旧铝芯电缆，安装不匹配断路器，且未对电缆采取可靠防火措施。科辰公司违规施工作业，将未穿管保护的电气线路直接喷涂于聚氨酯保温材料内部，并使用不符合标准的建筑保温材料。工美装饰公司违法出租，未落实消防安全责任制，日常消防管理和人口流动登记管理缺失。2. 镇政府落实属地安全监管责任不力，对违法建设、消防安全、流动人口、出租房屋管理等问题监管不力。新建二村党支部、村委会未能及时制止违法建设，检查不到位，管理台账不健全，对流动人口登记管理失职，并多次为违法建设提供虚假证明。西红门镇党委、镇政府查处违法建设不力，镇规划科未有效制止冷库违法建设，并为违法建设报装用电提供证明。镇安全科对消防安全隐患监管不到位。镇流管办未将公寓式出租房屋纳入管理范围。3. 属地派出所、区公安消防支队和区公安分局对事发建筑的消防安全监督检查不到位，长期以来监督检查不力，导致辖区内消防安全隐患大量存在。,2
大安区凤凰乡“1.30”较大火灾事故调查报告,4,0,38,直接原因为：林家电动汽车专卖店内使用电热棒（热得快）不当引燃周围可燃物蔓延成灾。间接原因包括：大安区源金鑫电动汽车经营部消防安全责任制不落实，经营者消防安全意识淡薄，习惯使用无保护装置的劣质热得快烧水，在店内夹层违规住宿，并用木质板材进行分隔，耐火等级低，夹层下方可燃易燃物多，火灾荷载大，蔓延迅速，店面唯一出口为卷帘门，无足够排烟通道，发生火灾难以逃生；大安区凤凰乡人民政府远达花园社区居民委员会未严格落实安全生产及消防安全属地管理职责，消防安全排查不彻底，对事故门店违规住宿失察；大安区凤凰乡派出所未严格落实相关规定，监督检查居民委员会履行消防安全职责不力；大安区凤凰乡人民政府指导、督促辖区内社区和辖区单位开展消防工作不力；自贡市大安区公安消防大队指导和监督派出所开展日常消防监督检查工作不够深入细致，对相关人员的业务知识培训指导不力。,1
大庆肇州县丰乐镇孟凡凯纸制品厂“11·20”较大火灾事故调查报告,7,0,361.7,肇州县丰乐镇孟凡凯纸制品厂入户电缆短路引起墙体玻璃纤维增强塑料和聚苯乙烯泡沫保温板起火成灾。肇州县丰乐镇孟凡凯纸制品厂未经许可在宅基地上私建厂房，不符合消防规范；室内无消防器材，电气线路敷设不符合规范要求；仅有一个卷帘门作为出入口，在不具备安全条件下，擅自从事生产经营活动。从业人员缺少消防安全意识和应对处置火灾及自救逃生能力，致使 7 人全部遇难。地方党委政府及其有关部门组织开展农村自建房重大火灾风险综合排查整治和日常消防管理工作不力，属地基层基础力量薄弱，行业部门只注重部署、不注重实效，监督检查流于形式，未形成有效合力，致使非法、违法问题未得到及时有效治理。,1
大渡口区春晖路街道鑫瑞福居3栋2单元2-4号住宅“2·9”火灾事故调查报告,1,1,17.238,直接原因为石英管风扇型取暖器使用不慎引燃周边可燃物。间接原因有：事发现场可燃易燃物品多，住宅内堆放大量生活用品、家具电器、杂物等易燃可燃物，火灾荷载大；居住人员消防安全意识淡薄，屋内电气线路私搭乱接，寝室内使用大功率用电设备，供暖设备未与可燃物保持安全距离；火灾发生后，房间内可燃物迅速燃烧，释放大量有毒有害气体，导致居住者在极短时间内中毒窒息，加之死者为半瘫痪高龄老人，无逃生自救能力。,0
大理市“6·11”较大火灾事故调查报告,6,0,34.924466,直接原因：大理市建华旅游信息咨询服务部内南墙中柱处货架底部旁的锂电池在充电过程中起火，引燃周围可燃物，蔓延成灾并产生大量有毒有害烟气致人死亡。 间接原因：1. 大理市建华旅游信息咨询服务部是没有完善的建筑分隔设施的“三合一”场所，存放大量具有火灾隐患的电动自行车及电池，同时对多个锂电池和多辆电动自行车进行长时间充电，未采取隔离、监护等防范措施。2. 该建筑违建、违规装修，造成装修装饰耐火等级低、排烟条件差、疏散条件差。3. 违规销售与电动自行车标准不相匹配的蓄电池、违规改装电动自行车，如将铅酸电池电动车改装为锂电池电动车。4. 该建筑违规出租、转租，产权人将住宅出租作经营使用，转租人又将房屋转租给不同经营者，且未明确各自的消防安全责任。,1
大理市大理镇南门村委会玉溪村15组1号赵某军户出租房“5·20”火灾事故调查报告,1,0,34.273309,直接原因：电动自行车在充电过程中锂电池组故障起火，引燃周围可燃物，蔓延扩大成灾。间接原因：1. 自建房非法改扩建，规划面积与实际不符。2. 房东消防安全主体责任不落实，违规改造建筑、封闭疏散通道，缺乏消防设施，占用堵塞疏散通道，超出经营范围租赁电动自行车，违规充电、改装电池，使用耐火极限低的夹芯彩钢板材料。3. 消防安全监管不到位，网格化管理力度不够，隐患整治不彻底，未落实电动自行车停放充电设施建设，且未明确电动自行车租赁、维修、改装等经营行为的行业监管部门，存在监管盲区。,0
威海20231123居民楼火灾调查报告,1,0,9.83,事故直接原因为客厅沙发东北侧靠背附近的插排故障引燃周围可燃物蔓延扩大成灾。成因分析指出，插排、手机充电器、小夜灯等电器设备直接放置在客厅沙发靠背处，未与沙发等可燃物保持安全距离；火灾发生后无人员在家，未能及时发现火灾，致使初期火灾未能得到及时扑救；户主得知火灾发生后进入屋内打开外窗导致新鲜空气进入，造成火势迅速燃烧蔓延扩大。事故性质认定为一起因消防意识薄弱导致的一般火灾责任事故，主要由当事居民用电防范意识差引发。,0
宁江区8.31火灾事故调查报告,1,0,0,起火部位位于松原市宁江区新城乡晨光村宋**家民房的东侧房屋火炕处，起火原因系宋**家民房东侧房屋火炕过热引燃炕上纤维板引发火灾。主要原因为宋**疏忽大意，对火炕修整后烧炕烤干，火炕一直处于高温状态，宋**因长时间工作劳累而睡着，未能看护到位，从而导致火炕过热引燃炕上纤维板引发火灾。,0
宁远“10·10”较大火灾事故调查报告,4,2,42.55,"直接原因：汽配门店经营人在店内燃用蚊香，管理不善引燃周边瓦楞纸外包装引发火灾，着火后店内大量存放的化油器清洁剂、润滑油、灌装油漆等易燃易爆物品迅速受热爆燃，润滑油在高温下形成流淌火，助推火灾迅速蔓延扩大，同时产生大量高温有毒烟气并封堵逃生通道导致门店楼上人员伤亡。
间接原因：1. 存放大量易燃易爆物品。汽配门店内存放大量化油器清洁剂、润滑油、灌装油漆等易燃易爆的物品。火灾发生后清洁剂、润滑油、灌装油漆等易燃易爆物品迅速受热爆燃，在短时间内连续爆燃二十余次，润滑油在高温下形成流淌火，助推火灾迅速蔓延扩大，同时产生大量高温有毒烟气并封堵逃生通道，是导致人员伤亡的重要因素之一。2. 建筑内防火分隔不到位。店铺经营者缺少基本安全意识，以店为宅，存放易燃易爆物品的场所与住宅设置在同一栋楼内，生产、生活未做防火分隔。该建筑位于城市规划区内，相关单位对房屋建设缺少监管和指导，建筑内两侧的楼梯均从一层门店直通室外，存在先天性安全隐患。乡镇街道属地管理责任缺位，多合一场所整治和自建房安全整治隐患排查流于形式，日常安全监管不到位，一楼经营部分与北侧楼梯只采用铁皮分隔，且未分隔到顶，导致火灾发生后烟气迅速蔓延至二楼、三楼，致使三楼的人员无法安全逃生。",1
安居区白马镇小龙塘村2组“2·23”亡人火灾事故调查报告,1,0,1.8225,直接原因：谭万乐住宅房间内距南墙120cm至250cm、距西墙68cm区域内的电气线路短路引燃周边可燃物品并蔓延成灾。间接原因：死者为五保户、独居，且事发深夜处于熟睡状态，未能在火灾第一时间逃生；房间面积小、可燃物多，致火势蔓延迅速。,0
安平县“丰收农业科技有限公司”“6·08”秸秆堆场火灾事故调查报告,3,2,3800,直接原因：现场作业人员违规吸烟，遗弃火种（烟头）引燃可燃物。间接原因：丰收公司安全生产主体责任悬空，现场管理极度混乱，未设置任何有效的防火隔离带和安全警示标志，对员工违规吸烟行为放任不管；风险意识为零，未采取任何有效的防火措施（如覆盖阻燃布、安装消防水管等）；应急能力空白，未配备必要的消防设施和设备，未制定应急预案。属地管理和行业监管责任缺失，大良村村委会对辖区内企业的安全生产状况失管失察；县农业农村局作为秸秆综合利用的行业指导部门，只注重产业效益，忽视安全监管；县应急管理局对乡镇安全生产工作的指导督促不力，未能将此类新兴农业企业纳入有效监管范围。,1
宏兴研磨材料有限公司“4.21”火灾事故调查报告,0,0,213.8,直接原因：在宏兴公司非法生产过程中孙成文盲目操作，没有停止“泵料”作业擅自脱离工作岗位，无人监护作业状态，导致吨桶内物料在即将抽空时，大量空气抽入转料输送管道内，物料、空气混合流动产生静电积累并释放，引起吨桶转料输送管道入口处的物料起火，继而引发南仓库内沉降罐和成品罐以及厂区内其他危险化学品储罐、吨桶等相继燃烧、部分燃爆。 间接原因：1.宏兴公司守法意识、安全意识极其淡薄，非法建设化工生产项目，非法组织危险化学品生产，未落实安全生产主体责任，安全管理混乱，员工能力不足盲目操作，是事故发生的主要原因。(1)故意隐瞒、逃避监管、非法生产。宏兴公司实际控制人周平利用其担任副镇长(2019年分管安全、环保等)、村支书、村主任身份，官商一体，在未向任何行政主管部门申请、报备的情况下，接受转让的非法工艺技术，擅自建设化工生产装置，不吸取有关事故教训扩大生产规模，非法组,0
宜宾市珙县巡场镇三合村 “4?08” 小型汽修配件仓库火灾事故调查报告,0,0,9.5,火灾直接原因为通风设备电源线为非标产品，长期潮湿环境导致接头处绝缘层老化破损，发生短路打火，引燃周边包装纸箱，进而蔓延至轮胎区。间接原因包括经营者陈明运营管理混乱（未定期维护仓库电气设备，使用非标电源线；包装纸箱随意堆放，未保持安全距离，未配备消防设施，未制定安全管理制度）、基层监管缺失（村委会和市场监督管理所未将该仓库纳入排查，未查处无照经营行为，未督促落实安全措施）以及陈明安全意识不足（未接受消防安全培训，不清楚潮湿环境影响，初期灭火处置不当）。,0
宜宾市筠连县巡司镇银星村 “1?18” 茶叶初制所火灾事故调查报告,0,0,9.6,起火原因为杀青机电源线为非标产品，长期高温运行导致接头处绝缘层老化破损，发生短路打火，引燃周边干燥鲜茶叶。灾害成因包括设备管理疏漏（未定期检修线路，使用非标电源线，鲜茶叶与加热设备安全距离不足，未配备消防设施）、基层监管缺位（村委会未将初制所纳入排查，镇农业服务中心未开展专项检查）、以及经营者安全意识薄弱（未接受消防安全培训，操作不当，初期灭火未优先切断总电源）。,0
容县“4·12”一般火灾事故调查报告,0,0,345.24,直接原因系西大街87号美思内衣店内电气线路故障起火引燃屋内可燃物，导致建筑内大量的衣物快速燃烧并向四周蔓延，大量高温烟气突破砖木结构屋顶，快速向周边商铺蔓延。间接原因包括容州镇西大街沿街商铺建筑大部分为上世纪八九十年代的砖木结构房屋，耐火等级低，建筑内易燃可燃物多，房东擅自改变了建筑的使用性质；同时，消防安全防范意识薄弱，经营性自建房房东、业主对存在的消防安全隐患长期不予整改，未按要求安装简易喷淋系统和火灾自动报警设施，住宿与生产经营区域未按要求进行防火分隔，消防设施缺乏。,0
密云十里堡镇“7·1”亡人火灾事故调查报告,1,0,0,直接原因系遗留火种所致，起火部位位于平房客厅西侧沙发处。间接原因包括：十里堡镇和红光村在重点关爱人群（死者王某某有拾荒习惯，但未被纳入重点关爱人群）摸排登记上账、帮扶措施落实方面存在疏漏和不到位，具体表现为未配备消防安全技防、物防措施（如联网型独立感烟探测器），且未能及时帮助处置其捡拾物品。此外，消防工作存在不深不细、把关不严的问题，基础台账底数不清，档案信息不全，重点关爱人群未动态更新管理。红光村的消防宣传提示存在薄弱环节，未能有效提升村民安全用火意识和逃生自救能力，导致“小火亡人”事故的发生。,0
密云消防关于十里堡镇“7·1”亡人火灾事故调查报告,1,0,0,火灾直接原因系遗留火种所致，起火部位位于王某某家平房客厅西侧沙发处。事故的间接原因和暴露的问题包括：死者王某某（有拾荒习惯）未被十里堡镇和红光村纳入消防安全重点关爱人群，导致未落实帮扶措施，未能为其配备消防技防物防设备（如联网型独立感烟探测器）或帮助其及时处置捡拾物品。此外，此次事故也暴露出村民安全用火意识不强、逃生自救能力差，以及镇村两级在消防安全摸排、帮扶措施落实和宣传教育方面存在薄弱环节。,0
富加输气站“1?20”天然气管道爆炸着火事故,10,50,995,"事故调查组通过现场勘察、询问有关当事人及查阅大量资料，并按照国家、石油行业有关技术规范和标准，经过反复核实、研究、分析，认为富加站输气站天然气管道“1·20”特大爆炸事故的原因是：
（一）直接原因
Ф720管材螺旋焊缝存在缺陷，在一定内压作用下管道出现裂纹，导致天然气大量泄漏。泄漏点上方刚好有一颗白杨树（树干直径400毫米，约高17米，主根部径向展开直径1.8米左右），由于根系发育使土质变得较为疏松，泄漏的天然气在根系发育的树兜下聚集，加之泄漏的天然气携带硫化亚铁粉末从裂缝中喷射出来遇空气氧化自燃，引发泄漏天然气爆炸（系管外爆炸），同时造成管道撕裂。因第一次爆炸后的猛烈燃烧，使管内天然气产生相对负压，造成部分高热空气迅速回流管内与天然气混合，引发第二次爆炸，约3分钟后引发第三次爆炸（爆炸机理与第二次爆炸相同）。
（二）间接原因
1、管道运行时间长，管材疲劳受损。威远一青白江输气管线（威青线）建于1975年，1976年投产，由于管材生产和抬运布管时产生的缺陷以及当时检测技术手段落后等条件的限制，导致管线先天存在较大缺陷。加之该管道已建成投运30年，运行时间较长，且90年代流向调配、管输压力频繁变化，导致管道局部产生金属疲劳。
2、管道建设时期，防腐工艺落后。因为当时防腐绝缘材料及防腐绝缘手段、施工工艺的限制，管道未能得到有效保护，管道外层腐蚀严重。
3、管道内壁也受到腐蚀。该管道投产以来，曾在相当长时期内输送低含硫湿气，管线处于较强内腐蚀环境，导致管内发生腐蚀，伴有硫化亚铁粉末产生。
4、第一爆点上方白杨树根系发育使土质变得较为疏松，为天然气泄漏并在管外聚集爆炸提供了条件。同时管道附近还有其他根深植物。
5、富加输气站场及进、出管道两侧存在较多建构筑物，且场站周围建构筑物过密，以致逃生通道狭窄，人员不能及时安全撤离。
6、员工、家属和附近居民在逃生过程中恰遇第三爆炸点爆炸。
7、油气田分公司对基层单位的安全生产管理工作存在不足，特别是输气管理处对役龄较长的输气管线存在的安全隐患重视不够，管道巡查保护不力，对仁寿富加输气站周围建筑密集的问题未能及时发现并予以整改。
8、仁寿县人民政府没有充分认识到天然气管线周围民用建构筑物过多已经对管线的安全运行造成隐患，对小集镇规划、建设审批的指导和督促检查不力，仁寿县规划和建设局对小城镇建设管理工作重视不够，对有关规划和建设项目的审批把关不严，致使富加输气站周边民用建构筑物过多。
（三）管理原因
中油集团公司事故分析会经过认真分析认为，除报告分析的事故原因外，也暴露出管理上存在问题：
1、本次威青线大修工程投产方案采用天然气直接置换空气方式，严重违反了《天然气管道运行管理规范》SY/T5922—2004标准的规定，并且没有按规定在置换结束后对排放口排出气体进行检测。
2、施工组织方案不落实。虽然按照威青线施工组织方案成立了由输气管理处及运销部两级领导和技术人员组成的现场领导组、技术组、保镖组、后勤保障组等组织，但是在投产作业过程中，没有到现场对工程技术质量和安全环保检查把关。
3、西南油气田修建富加站值班宿舍时，未严格执行《石油天然气管道保护条例》及有关规范的规定，在管线、场站的安全距离内建房，并将场站逃生通道选择在管道上方。而且，违反有关规定允许员工家属住在场站值班宿舍。
4、管道巡护责任不落实，管理人员对巡线工执行管道巡护操作规程的情况监督检查不力，致使管道上方和管道附近深根植物长期存在，没有及时处置。",2
富林镇新兴村 “1?15” 农房火灾事故调查报告,0,1,6.82,直接原因为王秀英在北侧卧室使用煤火炉取暖时，未关闭炉体风门，导致炉火燃烧过旺，炉口温度过高，引燃距炉体仅0.3米的棉被，火焰迅速蔓延至周边衣物及木质家具，最终引发火灾。深层次灾害成因包括：群众消防安全意识薄弱（可燃物堆放不规范、用火安全习惯不良、老年人自救能力不足）；农村消防安全群防群治机制不健全（基层排查流于形式、重点人群监管缺失、宣传教育不到位）；以及消防安全管理责任落实不到位（镇级监管责任未压实、村级责任未落地、部门协同不足）。,0
寿县寿春镇西街民房“2020·8·31”火灾事故调查报告,0,0,0,直接原因：不能排除用火不慎引燃周围可燃物蔓延成灾。间接原因：寿春镇及新民社区对辖区内居民消防安全工作思想重视不足，排查、消除消防隐患工作不够细致，在专项行动中新民社区未发现事故房屋内的隐患，未能采取有效措施清除事故房屋内的可燃物、易燃物，进而消除消防隐患，致使辖区内出现火灾事故。,0
山东赫达股份有限公司“5·31”火灾事故调查报告,0,0,800,"直接原因：赫达公司王村分部粉碎机车间在进行屋面防水施工时，施工人员违章动火作业，液化气喷枪引燃了屋顶无动力通风机内的纤维素醚粉尘结块，导致粉碎机车间和南成品仓库全部过火。粉碎机车间停产前，粉碎工艺过程产生的纤维素醚粉尘在无动力通风机的风帽内积聚、结块。喷枪烘烤紧贴南4#通风机风筒根部的防水卷材时，点燃了风帽叶片间隙中的纤维素醚粉尘结块。燃烧的粉尘结块从风帽脱落，掉落到下方仓库，引燃了纤维素醚半成品堆垛。火势在整个粉碎机车间蔓延后，放置在道路上准备装车的纤维素醚成品堆垛起到了“桥梁”作用，将火焰引到了南成品仓库，导致仓库四层全部烧毁。
间接原因：1.施工队伍管理混乱：无资质施工队伍伪造施工资质、劳动合同，非法承揽工程，项目负责人使用虚假姓名签定施工合同，未经安全培训考试的施工人员冒名顶替他人参加施工，施工人员未办理动火票实施动火作业。2.赫达公司安全生产主体责任不落实：工程招标采购管理混乱，承包商资质审查流于形式，未能核实赵新义伪造的资质和证明材料，未审查赵新义与京九公司的劳动合同关系，即与其签定施工合同；外来施工队伍管理混乱，厂区门卫管理不严、外来人员进出随意，施工人员安全培训、考试把关不严，动火作业管理不到位，未能发现动火人员冒名顶替，未能在动火现场发现火灾隐患；未认真执行变更管理制度，粉碎机车间停产后改作纤维素醚半成品中转仓库，未对相关文件制度、操作规程、应急预案进行修订；未扎实有效开展风险分级管控和隐患排查治理双重预防体系建设工作，现场作业环节风险分析不细致，隐患排查不彻底，安全防护措施不到位；违规占用消防通道堆放纤维素醚产品，未认真开展事故应急演练，火灾发生后，现场救援组织混乱，应急处置不当。3.属地安全生产管理责任落实不到位：周村区委、区政府没有深刻汲取淄博高新区长亿能源科技开发有限公司“5·16”火灾事故教训，未督促各镇办及企业严格落实安全生产管理责任，短时间内再次发生生产安全责任事故；王村镇党委、镇政府未认真落实安全生产属地管理责任，督促指导安全生产工作不力，组织安全检查不彻底；镇安全环保办公室未督促辖区内企业严格落实各项安全生产管理制度，未认真检查辖区内企业外包工程情况，未对外来施工队伍的资质进行认真核查，日常组织企业应急演练培训不到位。",0
山西临县“5·7”火灾事故调查报告,5,0,840.42,该起火灾事故是一起因工程质量原因引起的较大责任事故。火灾原因系临县临泉镇湫河花苑小区1号楼1单元8层电缆井内户内供电电缆与绝缘穿刺线夹接触不良，弧光放电进而引燃电缆护套等易燃可燃物导致蔓延成灾。,1
岫岩满族自治县偏岭镇东胜村“3.22”亡人火灾事故调查报告,1,0,10,火灾直接原因为冰柜连接插座发生电器故障，引燃可燃物成灾。间接原因包括：死者王金花因智力残疾二级无法逃离火灾现场；偏岭镇东胜村监督管理工作落实不到位，群众缺乏基本的防火、灭火常识，消防安全意识未深入人心；村委会未依法履行消防法律法规规定职责，防火安全知识宣传不到位，对弱势群体关注度不够；偏岭镇人民政府对东胜村村民委员会的消防工作指导欠缺；弱势群体监护人消防安全意识淡薄，对失能人员管理监护不到位，消防安全知识、防火意识匮乏，电器产品及线路敷设和维护不及时，突发火灾疏散和逃生自救能力极差。,0
嵩明县嵩阳街道龙院社区马家松园村X号民房“12·18”亡人火灾事故调查报告,1,0,5.673,"起火原因系张XX户土木结构房屋西第一间一层屋内东、西横跨的主横梁上的电线在距西墙1.5米、距北墙3.8米处短路，火花掉落引燃停放在下方的电动自行车座椅、外壳等可燃物，蔓延扩大成灾。
火灾蔓延扩大和造成人员死亡的原因包括：1.建筑结构耐火等级低，起火建筑为土木结构，采用大量木材建造；2.电气线路敷设不规范，线路凌乱、裸露且使用年限久远，产品质量劣质；3.初期处置不力，发现火情后未及时扑救，且农村缺乏市政消防设施和充足水源；4.死者伍XX年迈体衰，缺乏消防安全常识和逃生自救能力，冒然闯入火场抢救财物，家属未及时制止，监护责任落实不到位。",0
巫溪县古路镇兴隆街421号住宅 “2-14”火灾事故调查报告,1,0,0.34,起火原因为鞋子附近未熄灭的烟头引燃周围可燃物引发火灾。张才贵吸烟不慎引燃周围可燃物是导致火灾发生的直接原因。事故暴露出农村地区居民防火安全意识不高，消防宣传教育还存在薄弱环节。,0
巫溪县天元乡天金街48号魏学中自建房 “3·5”火灾事故调查报告,1,1,60,电气线路故障引燃周围可燃物是导致火灾发生的直接原因。商铺与住宅未使用防火分隔设施进行有效分隔，最终导致二楼过火，三楼、四楼处于烟熏环境，是导致火灾的蔓延扩大的间接原因；该住户发现火灾时，已处于猛烈燃烧状态，无法及时逃生，在逃生时，未能正确选择逃生方式，盲目跳楼，最终造成一人死亡、一人重伤的惨剧。,0
巴中市巴州区水宁寺镇金银村 “12?05” 小型粉条加工厂火灾事故调查报告,0,0,9.2,直接原因：烘干架电加热管电源线为非标产品，长期高温高湿环境导致接头处绝缘层老化破损，发生短路打火，引燃周边湿粉条及淀粉包装，引发火灾。间接原因：1. 安全管理缺位：经营者周敏未定期检查加工设备线路，使用非标电源线；湿粉条违规堆放在烘干架周边；未配备消防设施，未制定设备日常维护制度。2. 基层监管疏漏：村委会和镇市场监督管理所未将粉条加工厂纳入排查，未查处其无备案经营行为，未督促落实食品生产安全及消防要求。3. 安全意识薄弱：经营者周敏未接受消防安全培训，不清楚高温高湿环境对电气设备的影响，初期灭火处置不当，未优先切断总电源。,0
巴中市平昌县驷马镇桃园村 “8?02” 小型豆制品加工坊火灾事故调查报告,0,0,8.6,起火原因为煮浆锅电源线为非标产品，绝缘层因长期高温潮湿老化破损，发生短路打火，引燃周边柴火。灾害成因包括：经营者张芳安全管理缺位，未定期检查加工设备线路，使用非标电源线，柴火违规堆放在电加热设备周边，未配备消防设施，开启设备后擅自离开操作区；基层监管疏漏，村委会未将豆制品加工坊纳入排查，镇市场监督管理所未查处其无备案经营行为；经营者张芳安全意识薄弱，未接受消防安全及食品生产安全培训，不清楚电气设备在潮湿环境下的使用风险，初期灭火未优先切断电源，处置不当。,0
巴南区南彭街道南湖路77号 3单元1-2“4·26”火灾事故调查报告,1,0,16.96,本次火灾起火原因为处于充电状态的蓄电池故障引发火灾。间接原因包括：一是事发现场可燃易燃物品多，住宅内堆放大量生活用品、家具电器、杂物等易燃可燃物，火灾荷载大。二是居住人员消防安全意识淡薄，死者卢安明随意在屋内为蓄电池充电，未与可燃物保持安全距离。三是火灾发生后，死者卢安明在未确定孙子卢泊霖是否安全逃出的基础上，盲目进入火场，随着火势蔓延扩大，无力自救。,0
巴宜区“3·28”事故调查报告,1,1,47.5,直接原因是：死者刘某安全意识淡薄，缺乏最基本的安全常识，在未取得相关特种作业资格证，且不了解作业环境中储存有易燃易爆的危险化学品的情况下，盲目动火（焊接）作业。间接原因有：1. 林芝达坦新能源科技有限公司将危险化学品销售给不具备储存、使用条件的田村酸汤牦牛肉。2. 林芝达坦新能源科技有限公司违规将未经检验合格的危险化学品包装物、容器售卖给田村酸汤牦牛肉储存危险化学品。3. 林芝达坦新能源科技有限公司在售卖醇基燃料时，未向买方（田村酸汤牦牛肉）提供化学品安全技术说明书和化学品安全标签。4. 田村酸汤牦牛肉作为存储和使用危险化学品（醇基燃料）的单位，其使用条件(包括工艺)不符合法律、行政法规的规定和国家标准、行业标准的要求，且未根据所使用的危险化学品的种类、危险特性以及使用量和使用方式，建立、健全使用危险化学品的安全管理规章制度和安全操作规程，保证危险化学品的安全使用。5. 田村酸汤牦牛肉在危险化学品储存区域进行特殊（焊接）作业，未按规定报备和审批。6. 田村酸汤牦牛肉未审查相关单位和个人资质，将安装不锈钢架子发包给无任何资质的自然人（王某），且未签订安全管理协议，未告知作业风险。7. 王某将不锈钢架子转包给无特种（焊接）作业资格证的鼎盛不锈钢，且未签订相关合同、协议；未告知作业风险。8. 鼎盛不锈钢未对作业人员进行岗位安全操作规程和安全操作技能的教育和培训。9. 鼎盛不锈钢进行危险作业（焊接作业），未安排专门人员进行现场安全管理。10. 鼎盛不锈钢在组织特殊作业（焊接作业）前，未进行危险有害因素分析，并制定相应的安全对策措施和应急处置措施，同时组织作业人员进行学习，了解本岗位作业过程中可能发生的事故的应急处置措施。,0
常德市澧县杨家坊乡燕涔村“12·28”非法生产烟花爆竹较大爆炸事故调查报告,6,0,210,"直接原因：冉成林、温超玉二人无烟花生产操作资质，在用液压机压“笛音”药饼时操作不慎，产生爆炸，并引发旁边药饼（约100饼以上，药量4.3公斤左右）爆炸，其产生的火焰、冲击波和飞散物又引发正屋南房的半成品和东边堂屋内存放的高氯酸钾和对苯二甲酸氢钾的混合药物（约125公斤高氯酸钾和约62公斤对苯二甲酸氢钾）爆炸，冲击波将一墙之隔的庹金玉的偏屋冲垮，将屋内庹先梅砸死。
间接原因：1.尹开钊、尹华廷不具备烟花爆竹生产资质，组织无资质人员非法生产“笛音”，所有参与者均未经过培训，冒险盲目蛮干。2.燕涔村党支部打击非法生产宣传教育不积极，未摸排线索和建立台帐，对可疑人员不盘查。3.杨家坊乡安监办对安全生产工作重视不够，安全监管履责不到位，对非法生产以停工代替处罚，并提供虚假资料。4.杨家坊乡派出所对打击非法生产工作不重视，执法疲软，未依法追究责任和追查火药来源。5.杨家坊乡人民政府安全生产履职不到位，打非不积极，制度不完善，排查整治不认真，处理上报不及时，打击力度不大。6.澧县公安局对安全生产重视程度不够，打非工作中不积极认真履行职责，对非法生产监管缺失、打击不够，未认真调查烟火药源头。7.澧县安监局作为打非治违办公室负责人，履行非法生产整治和惩处职责不积极、不主动、不严肃，未认真组织协调督促全县打非治违工作，排查整治机制不健全。8.澧县人民政府对安全生产工作重视不够，组织领导不力，安全生产例会政府和职能部门主要领导长期缺席，对全县打非工作不重视，打非办人员兼职且未要求工商、质监部门参与。",1
平果市马头镇新港路“1.5”较大火灾事故调查报告,3,1,18.702,起火原因系电加热器具炽热表面引燃塑料桶。事故是一起因自建房一层经营者没有落实消防安全主体责任，消防安全用电意识淡薄、电热器具使用不当而导致的火灾。火灾蔓延扩大的主要原因包括建筑内未形成有效防火分隔、起火房间火灾荷载较大及火情发现晚。造成人员伤亡的主要原因是着火物产生大量高温有毒烟气，逃生通道被烟气封堵，以及住户安全意识淡薄、逃生自救能力差。,1
广东省安全生产委员会办公室关于东莞市中堂镇“7·7”等火灾事故情况的通报,0,3,632,经调查认定，东莞中堂东向村滨河东路13号“7·7”一般火灾事故是一起操作人员违规作业，使用未经资质单位设计、不满足安全控制要求的危险化学品生产装置，非法生产危险化学品过程中引发的生产经营性火灾事故。,0
广元市利州区东坝街道御景湾小区 “12?08” 高层住宅楼道杂物火灾事故调查报告,0,0,2.8,起火原因为15楼楼道配电箱线路接头老化短路，产生的电火花引燃周边堆放的纸箱等杂物，进而蔓延至旧家具及自行车，引发火灾。事故的间接原因包括居民安全意识淡薄，在楼道长期堆放杂物遮挡消防设施；小区物业公司监管失职，未落实楼道安全巡查制度、未强制清理杂物、未定期检查配电箱线路发现隐患；以及应急处置不足，保安未第一时间移除易燃杂物，物业公司未制定专项应急方案。,0
广元市旺苍县东河镇同心村 “3?10” 小型竹编加工厂火灾事故调查报告,0,0,8.8,火灾直接原因为劈篾机电机电源线（非标产品）长期超负荷运行导致接头处绝缘层老化破损，发生短路打火，引燃周边竹屑及毛竹。灾害成因包括运营管理混乱（经营者赵芳未定期维护编织设备线路，设备长期超负荷运行；竹屑未及时清理，堆积在设备周边，与电气设备未保持安全距离，未配备有效消防设施），基层监管缺失（东河镇同心村村委会和镇市场监督管理所未将竹编加工厂纳入排查，未查处其无照经营行为），以及经营者安全意识不足（赵芳未接受消防安全培训，不清楚竹屑易燃特性及设备超负荷运行风险，初期灭火处置不当）。,0
广元市苍溪县陵江镇红旗村 “10?08” 中药材烘干房火灾事故调查报告,0,0,8.5,起火原因为烘干设备电源线为非标产品，长期高温运行导致接头处绝缘层老化破损，发生短路打火，引燃周边易燃中药材。灾害成因包括设备管理疏漏（赵芳未定期检查烘干设备线路，使用非标电源线；中药材未与加热设备保持安全距离，未配备消防设施），基层监管缺位（陵江镇红旗村村委会未将烘干房纳入排查；陵江镇农业服务中心未针对中药材加工场所开展专项安全检查），以及安全意识薄弱（赵芳未接受消防安全培训，开启设备后擅自离开，未安排人员值守，初期灭火处置不当）。,0
广安市岳池县石垭镇玉屏村 “7?15” 小型纸箱加工厂火灾事故调查报告,0,0,9.8,直接原因：分切机电机电源线为非标产品，长期超负荷运行导致接头处绝缘层老化破损，发生短路打火，引燃周边废纸屑及瓦楞纸，引发火灾。间接原因：1. 运营管理混乱，经营者周敏未定期维护生产设备线路，设备长期超负荷运行；废纸屑未及时清理，堆积在设备周边，与电气设备未保持安全距离，未配备有效消防设施。2. 基层监管缺失，村委会未将纸箱加工厂纳入排查，镇市场监督管理所未查处其无照经营行为。3. 安全意识不足，经营者周敏未接受消防安全培训，不清楚设备超负荷运行风险，初期灭火处置不当。,0
广安市广安区大龙镇光明村 “11?20” 小型塑料造粒厂火灾事故调查报告,0,0,9.6,加热挤出机电源线为非标产品，长期高温运行导致接头处绝缘层老化破损，发生短路打火，引燃周边塑料碎屑及废旧塑料，引发火灾。运营管理混乱（未定期维护造粒设备线路，使用非标电源线；塑料碎屑未及时清理，堆积在高温设备周边；未配备消防设施；未设置有毒气体防护措施），基层监管缺失（村委会、市场监督管理所、应急管理办均存在监管不足），以及经营者安全意识不足（未接受消防安全培训，不清楚塑料高温燃烧特性及有毒气体危害，初期灭火处置不当）是导致此次火灾发生及扩大的重要原因。,0
广安市广安区广宁北路27号仁和花园1幢2单元401室“2·2”较大亡人火灾事故调查报告,4,3,20.26,起火原因为电动平衡车充电过程中锂电池内部发生短路的热失控故障引发火灾。火灾蔓延扩大的主要原因包括：忽视电动平衡车火灾隐患，紧靠易可燃物进行室内充电，无人看管，导致火势引燃附近易可燃物并快速蔓延；灾情不明、盲目处置，简单做通风排烟处理，导致大量新鲜空气涌入，火势迅速扩大。造成人员伤亡的主要原因包括：火灾第一发现人未第一时间通知其他人员逃生；火灾第一发现人及被困人员均未报警；死者避险应对不当，未有效关闭卧室门，导致迅速引火入室；住宅窗户设置钢质防盗网，影响疏散逃生和灭火救援；室内错层结构下部客厅起火，火灾高温有毒烟气对上层卧室居住人员安全威胁更大。,1
广州市白云区太和镇“11·22”一般火灾事故调查处理情况,0,4,96,直接原因包括：1. 戳罐场所和设施不符合安全生产作业要求，如未设置强制排风系统，通风条件不良，使用非防爆瓶盖粉碎机；2. 戳罐作业人员违反安全生产规定，未正确佩戴和使用劳动防护用品，没有待溶解的气体完全挥发后再处理料液；3. 汉妆公司员工梁金平违反安全生产规定，在戳罐作业场所附近使用砂轮机切割钢筋产生火星，引燃走廊排水沟道内聚集的丙烷、丁烷。间接原因包括：1. 汉妆公司将项目发包给不具备安全生产条件的个人且未对项目安全生产工作统一协调、管理；2. 戳罐作业人员安全意识淡薄，承包方未对作业人员进行安全生产教育和培训，未提供符合国家标准或者行业标准的劳动防护用品；3. 相关出租单位（太和镇夏良村第三经济合作社和谢善良）未有效落实安全生产管理责任，未与承租单位签订专门的安全生产管理协议或者在租赁合同中约定各自的安全生产管理职责，未对承租单位的安全生产工作统一协调、管理。综上所述，本起事故发生的主要原因是：汉妆公司违法发包，作业人员没有遵守安全生产规定，场地所有权属单位和场地出租方未有效履行安全生产管理责任。,0
广州市白云区石门街“10.15”一般火灾事故调查处理情况,0,0,675.0509,直接原因是强慧公司员工郭洁在C8栋27档中使用电饭煲煮食，导致该档口营业大厅中部靠东侧位置电源线路短路产生高温熔珠引燃附近可燃物。间接原因包括强慧公司消防安全主体责任不落实（线路乱拉乱接、电线附近堆放可燃物、未规范安装漏电保护、未重视电饭煲煮食引发的严重后果），好又快公司消防安全责任不落实（管理混乱、检查不彻底、未消除用电隐患及消防设施不完善），八方物流公司出租场所消防安全管理责任不落实（未能统一协调管理、未及时发现并制止承租方消防安全隐患），以及相关监管单位（滘心村经济联社及其下属经济社）未有效落实消防安全监管责任（未能有效巡查、发现、报告消防隐患，排查力度不够）。,0
广西“5·5” 较大火灾事故调查报告,5,38,0,直接原因：雁山区雁山镇西龙村刘小民房一楼北面大厅靠西墙由北向南数第2辆电动自行车（车牌号：桂C7T341）电气故障引起火灾。间接原因：1、业主消防安全责任未落实。（1）该建筑为村民自建房，建设和出租经营均未向相关部门申办手续。六层的建筑仅设有一部敞开式的疏散楼梯，且在楼道口、疏散通道堆放杂物，影响疏散逃生，违反了《中华人民共和国消防法》的相关规定。（2）出租房经营者陈水彬在一楼设置了电动自行车停放充电的场所，该场所不符合广西地方标准《电动自行车停放充电场所消防安全规范》（DB 45/T 1553—2017），与疏散楼梯之间未设置防火分隔，未设置独立式烟感报警器、简易喷淋、智能充电桩等设施，导致起火后未及时发现，烟气沿楼梯向上快速蔓延。（3）该建筑层层转包出租，没有明确消防安全责任人和管理人，只配备了1名管理员，该管理员火灾当晚在六楼房间休息，没有开展防火巡查，未能及时发现和处置初期火灾。2、广西师范大学漓江学院对刻意规避学校管理自行在校外租房居住的学生情况掌握管理不力。3、政府及职能部门对辖区内群租房、电动自行车停放充电消防安全监管不力。,1
广饶县大王镇山东科达基建有限公司北厂“6.15”火灾事故调查报告,1,2,135,直接原因：切割人员王建村违规动火作业，在对导热油进口管线切割时，引燃导热油管线系统内的轻质组分，引起轻质组分闪爆并造成系统内压力升高，致使管道内燃烧的轻质组分及导热油从已切开的出口管道处喷出。间接原因：1. 合伙收购人李同兴、李文建、王立海安全生产法制观念和安全意识淡漠，安全生产主体责任落实不到位，违规从事储罐拆除，雇佣无特种作业证书人员，未严格按照GB30871-2014中动火作业安全规范相关要求进行动火作业。2. 科达基建安全生产主体责任落实不到位，招标开标把关不严，违反规定将拆除工程发包给不具有相应资质等级的合伙人，且对施工单位监督管理不到位，未对施工单位的安全生产工作统一协调、管理。3. 大王镇人民政府安全生产监督管理不到位，安全发展理念不牢固，隐患排查治理不到位，未有效监管广饶县大王镇山东科达基建有限公司北厂罐体拆除施工。,0
库尔勒市城安苑小区“10·27”火灾事故调查报告,2,0,0.59965,库尔勒市城安苑小区8号楼1807室西北侧次卧榻榻米上卧床吸烟引燃榻榻米上被褥引发火灾。,0
庵埠镇“12 · 16”火灾事故调查报告,4,1,11.55,直接原因：起火住宅第二层客厅电视柜东南角距南墙0.7米，距东墙1.15米约一平方米范围内电气线路短路引燃周边可燃物并蔓延导致火灾发生。间接原因：1. 综合治理开展不深入，用户用电安全意识薄弱。起火住宅内电线敷设不规范，采取铜丝代替保险丝；着火用户通过私拉电线从对面奇祖祠堂用户盗取用电，直接驳接火线从第二层入户使用，擅自采用连接户内自来水管作为零线的“造零”方式供电，进户处没有任何用电保护装置；室内电源插座均未发现有连接地线，电线使用年限较长、线径小，部分电线敷设杂乱无章，直接散落在电视机柜上面。电气线路短路后，故障线路未能被快速隔离，电气线路温度急剧上升，电线绝缘着火，引燃电视柜及周边可燃物引发火灾。2. 网格化排查整治不细致，住宅隐患叠加酿悲剧。起火建筑内部墙面、吊顶、楼梯门框等采用大量木质装修材料，电气线路没有套管保护直接敷设在可燃木质电视墙框处，并连接有电风扇、电视机及视频监控器等多种用电设备，该部位还放置有大量日常生活用品和塑料玩具等可燃物。电气线路短路起火后迅速被引燃，产生大量有毒烟气。第二层客厅电视柜的西侧上方有一通往天面的竖向天井，且天面处用玻璃封盖，火灾初期大量有毒烟热直接通过该竖向天井迅速蔓延扩散至第三层，短时间造成第三层3人被困；当天面玻璃封盖受热破裂后形成“烟囱效应”加速火势蔓延扩大。3. 消防宣传“五进”不到位，人员逃生自救能力弱。起火住宅第二层、第三层有人员居住的房间外窗上均设置有防盗网，且未开设紧急逃生口，起火后导致屋内人员被困无法逃生自救；住宅内没有配备灭火器、简易防毒面具等基本的灭火逃生器材，无法第一时间实施自救和有效逃生；第三层3名被困人员所在房间内部在火灾中并未过火，但是门窗缝隙均未发现有湿衣物封堵的自救迹象；户主杨启云在发现火灾后第一时间得以逃生，但在没有做好充分自我安全保护措施的情况下，不顾群众劝阻再次返回火场，最终在第二层客厅处吸入有毒烟气导致死亡。4. 专职消防队伍建设不到位，灭火救援能力不足。庵埠镇政府专职消防队未按照一级乡镇专职消防队标准建设，队伍力量严重不足且老龄化严重；队伍经费保障不规范不到位，未按标准配备空气呼吸器、两节拉梯、快速破拆工具等消防器材装备；专职消防队未针对辖区住宅火灾特点的深入研判分析并改进训练工作，日常训练还停留在打水带、出水枪等传统项目上，欠缺实施内攻、破拆救援等针对性技战术训练。通过复盘火灾扑救过程，庵埠镇政府专职消防队虽然先期到达火灾现场，但没能第一时间佩戴空气呼吸器深入火场实施救援，也未能通过架设拉梯从外墙窗户展开破拆救援，专职队员携带水枪内攻至第二层楼梯转角处后，因火势过大无法继续深入救援，只能原地出水控火，等待潮安区庵埠消防救援站到场处置。,1
康保县康保镇草市街“5.22”火灾 事故调查报告,1,0,1.2,直接原因：使用煤炉不当引燃周边可燃物。间接原因：死者肖汉英疏散逃生意识差（智力障碍一级、听力障碍一级且行动不便）；报警不及时，导致火势迅猛发展；康保县康保镇相关负责人及网格员每日防火巡查不到位，网格化管理工作制度和消防安全责任制度流于形式；消防宣传不到位，居民消防安全意识淡薄，自救逃生能力差；无同步规划建设消防水源，扑救初期阶段火灾能力差。,0
开发区昆吾办胜拐村“9·3”一般火灾事故调查报告,0,0,836,直接原因：仓库电气线路故障引发火灾，且仓库违规使用易燃可燃材料夹芯彩钢板作为墙面和顶部构件，耐火等级不足，未进行有效防火分隔，导致火灾扩大。间接原因包括：胜拐村仓库违法违规建设，未按照规范设置消防设施，村电工无证施工且电气线路敷设不规范、空气开关选用不符合标准，日常管理不规范；4家租户作为仓库具体使用者、管理者消防安全主体责任不落实，消防安全意识淡薄，未制定管理制度，未开展防火巡查检查和员工消防安全培训，明知仓库存在隐患仍租赁使用，且仓库内火灾荷载较大；胜拐村村委会违规出租村集体用地，未认真安排部署和贯彻落实“九小”场所和沿街门店消防安全专项治理工作，未认真落实违建联合工作站职责；开发区公安分局昆吾路派出所和昆吾街道办事处贯彻落实消防安全专项治理工作不力，安排部署不到位，监督检查不扎实，监管职责不落实，未及时发现和纠正安全隐患和违规建设问题。,0
开州区大德镇江东村8组“2·12”火灾事故调查报告,1,0,0.34722,直接原因：用火不慎烤火盆引燃木床及周围可燃物引发火灾。间接原因：居民消防安全素质欠缺，死者半夜将烤火盆贴于床边烤火取暖，睡熟后未发现烤火盆引燃木床及周围可燃物，导致引发火灾致人死亡，未做到安全用火。,0
开州区紫水乡紫水街210附21号 “5·30”火灾事故调查报告,1,0,0.8,起火原因为使用蚊香不慎引燃周边可燃物引发火灾。间接原因为居民消防安全意识薄弱，死者用火不慎，导致引发火灾致人死亡，未做到安全用火。,0
开州区紫水乡紫水街210附21号“5·30”火灾事故调查报告,1,0,0.8,直接原因：使用蚊香不慎引燃周边可燃物引发火灾。间接原因：居民消防安全意识薄弱，死者用火不慎，导致引发火灾致人死亡，未做到安全用火。,0
张北县登元小区“5.26”亡人火灾事故调报告,2,1,0,直接原因：起火原因系该处顶部声控照明灯的电气线路发生故障，引燃灯具的塑料组件，燃烧的塑料残体或熔滴掉落到下方的可燃杂物上所致。同时，楼道内堆放大量纸箱等可燃物。间接原因：火灾辨识、火场自救逃生能力不足，导致人员盲目逃生；报警不及时，延误了近5分钟；师范路派出所负责民警安全检查不到位，建设街社区相关负责人及网格员每日防火巡查不到位，网格化管理工作制度没有很好落实，消防安全责任制度流于形式；花园街街道办事处、建设街社区消防宣传不到位，居民消防安全意识淡薄，自救逃生能力差；师范路派出所负责民警、花园街道办事处、建设街社区相关负责人及网格员落实畅通生命通道工作不到位，发现隐患未及时督促整改。,0
德阳市中江县继光镇 “9?12” 农村粮库火灾事故调查报告,0,0,18,起火原因为农村粮库粮仓通风机电源线粉尘堆积导致短路打火，引燃可燃小麦粉尘及粮堆，引发火灾。主要灾害成因包括：粮库管理不规范（未落实粮食仓储安全管理制度，未定期清理电气设备周边粉尘，未对通风机电源线进行穿管保护；小麦存储未严格控制水分含量，粮堆通风不畅导致局部结露；未在粮仓内配备消防设施，应急处置距离过远）；人员安全意识薄弱（管理员开启通风机后未现场监护，未检查设备及线路状态；发现火情后初期处置不当）；基层监管缺位（相关部门未将电气设备粉尘清理、粮食水分控制作为重点检查内容；未督促粮库完善消防设施，未组织管理人员开展消防安全培训）。,0
德阳市中江县继光镇继光村 “5?10” 小型饲料加工点火灾事故调查报告,0,0,9.3,技术检测发现，粉碎机电机电源线为非标产品，长期超负荷运行导致接头处绝缘层老化破损，发生短路打火，引燃周边饲料粉末，进而蔓延至原料区，引发火灾。设备管理疏漏：刘刚未定期检修加工设备线路，使用非标电源线；饲料粉末未及时清理，堆积在设备周边，未配备消防设施。基层监管缺位：继光镇继光村村委会 2024 年开展农业加工设施排查 2 次，未将饲料加工点纳入；镇农业服务中心未针对饲料加工场所开展专项安全检查。安全意识薄弱：刘刚未接受消防安全培训，未意识到饲料粉末的易燃特性，初期灭火未优先切断总电源，处置不当。,0
德阳市旌阳区天元街道阳光花园小区 “9?15” 高层住宅厨房燃气泄漏火灾事故调查报告,0,1,5.2,直接原因：高层住宅厨房燃气橡胶软管老化出现裂缝导致燃气泄漏，李娟在燃气灶点火失败后未关闭燃气总阀，致使泄漏燃气在厨房内积聚，周强进入厨房时开启的抽油烟机产生电火花引燃泄漏燃气引发爆燃，造成火灾。灾害成因分析：1. 居民安全意识淡薄，未定期检查和更换燃气软管，发现燃气灶点火异常后未关闭总阀且未通风散气；2. 燃气安全监管疏漏，燃气公司在安全检查中未发现燃气软管老化隐患，且未定期提醒居民更换燃气软管及检测燃气设备；3. 应急处置不当，周强在闻到燃气味后未第一时间开窗通风并关闭总阀，反而开启抽油烟机，以及物业公司初期未检测燃气泄漏情况便直接灭火。,0
怀化市会同县金子岩乡“2·12”火灾事故调查报告,3,0,20,直接原因：户主明传育的长孙明星在厨房烤火后熄火不当，导致厨房炕上的腊肉滴油引发火灾。间接原因：1. 村民消防意识淡薄，对火源未引起重视，未成年人熄火不当，且二楼人为设置隔墙阻碍逃生；2. 村民自救能力差，发现火情未及时报警，听力障碍及行动不便人员住二楼导致逃生迟缓；3. 乡镇、村组消防基础薄弱，无专职消防队伍，装备不足导致救援效能低；4. 部门履行监管职责不力，派出所检查流于形式，乡安监站未履行综合监管职责，县消防大队督导、宣传不力；5. 政府领导责任落实不到位，乡政府消防投入不足，县政府对农村团寨消防安全重视不够，改造推进缓慢，消防配套不足。,1
惠安县东岭镇朝阳路195号“6.28”一般火灾事故调查报告,2,0,69.6371,起火原因为电气线路故障。灾害成因包括：1. 电气线路火灾隐患大，经营者未聘请专业电工规范敷设电气线路，场所内长期超负荷用电，存在不规范用电行为。2. 场所安全条件差，商铺内有楼梯直通二层住宿部分，未进行防火分隔，存在“三合一”问题，且存放大量易燃物品，火灾荷载大。3. 经营者安全意识薄弱，二层住宿部分通向单元式住宅楼梯的入户门长期反锁，且门口堆放货物阻塞疏散通道，被困人员缺乏自救逃生能力。4. 属地政府监管不到位，对“九小场所”、“三合一”场所消防安全治理工作推进不力，隐患排查不到位，未能有效发现和处理问题，日常消防监督检查和消防宣传教育不扎实。,0
惠州市“11·19”较大火灾事故调查报告,3,2,326,直接原因：新传公司工作人员在培养菌丝生产过程中使用明火点燃酒精消毒时操作不当、用火不慎，引燃菌母室东北角墙体材料聚氨酯泡沫彩钢夹芯板的夹层材料聚氨酯泡沫所致。间接原因：1.新传公司企业主体责任不落实，未对员工进行消防安全教育培训，员工消防安全意识淡薄，安全管理混乱，未制定接菌中心作业的相关操作规程，安全管理制度不健全。接菌中心存在严重的消防安全隐患：一是未办理消防许可等相关手续，擅自进行装修。二是采用不符合《建筑内部装修设计防火规范》燃烧性能等级的装修材料。2.蓝田乡派出所督促、指导村委会履行消防安全职责不力；多次检查未发现新传公司未办理消防许可等相关手续，擅自进行装修的行为，未履行好市、县部署的火灾隐患大排查大整治工作。3.红星村委会贯彻落实火灾隐患整治工作部署不力，消防安全宣传教育工作不到位，消防网格化管理工作执行力差，没有及时发现新传公司未办理消防许可等相关手续，擅自进行装修，及用工复产情况。4.蓝田乡政府对新传公司存在未依法办理建设审批、消防许可等相关手续，擅自建设、装修行为监管不力，对辖区消防安全隐患的排查整治和宣传教育工作落实不到位。5.龙门县公安消防大队对企业开展消防安全宣传教育工作不到位；未能很好地指导蓝田乡派出所开展日常消防安全监督检查。,1
惠来县“11·10”岐石镇岐石村火灾伤亡事故调查报告,1,0,4.8,直接原因是点燃的蚊香引燃周围的纸钱引起火灾。间接原因包括：起火建筑为农村市场老建筑，擅自住人场所与经营场所设置在同一幢建筑内，未进行有效的防火分隔，阁楼未设置逃生窗；监护人监护不到位，夜间将未成年儿女单独放置在房内睡觉，导致其缺乏施救能力，且铺内大量堆积易燃物加速火势发展；群众防火意识不强，防火措施不到位，店铺内未配置灭火器材，且火灾发生后周围群众未第一时间报警，错失初期扑救最佳有利时间；周边消防设施极度缺乏，农贸市场未配置任何消防给水设施以及消防灭火器材，影响初期火灾的扑救。,0
成都市“9·1”火灾事故调查报告,0,2,120,二楼住户王某使用的燃气软管老化破损，导致燃气泄漏，遇明火发生爆燃，是本次事故的直接原因。间接原因包括：王某消防安全意识淡薄，未对家中的燃气设备进行定期检查，未及时更换老化的燃气软管；成都市燃气公司未有效履行燃气公司的入户安检职责，未能及时发现并督促住户更换老化的燃气软管；成都市武侯区浆洗街社区居委会作为老旧小区的代管方，未有效履行安全管理责任，未对居民进行有效的燃气安全宣传和入户检查；以及行业监管部门（区住建局、区应急管理局和区消防救援支队）对燃气公司的安全管理监督不足，对辖区内老旧小区的安全监管和消防宣传工作不够深入细致，未能有效提升居民的消防安全意识。,0
成都市成华区府青路街道 “1?05” 老旧小区架空层火灾事故调查报告,0,0,5.8,火灾原因为老旧小区架空层配电线路老化短路，引燃居民违规堆放的易燃杂物。灾害成因包括居民安全意识淡薄、物业公司管理失职以及基层监管不足。,0
成都市郫都区犀浦街道锦园社区 “11?23” 电瓶车入户充电火灾事故调查报告,0,1,8.3,直接原因为户主李强违规将电瓶车入户并采用“飞线充电”，非国标延长线接触不良产生高温，叠加充电器过充保护失效，导致锂电池热失控爆燃，引燃周边可燃物引发火灾。间接原因为个人安全意识淡薄、小区物业管理存在漏洞以及基层监管不到位。,0
抚州市金溪县何源镇彭家村委会桥头村小组王祝富民宅“9·15”较大火灾事故调查报告,3,0,0,事故直接原因：起火原因为意外因素导致蚊香引燃周围可燃物蔓延成灾。事故间接原因：一是建筑耐火等级低，起火建筑为木结构土坯瓦房，内部厅室和阁楼皆用木料分隔，阁楼上存放可燃物品较多，且使用年代较长，加之近期高温干旱天气，火灾发生后燃烧猛、蔓延快。设置阁楼导致卧室层高为3米，造成火灾初期热烟气积蓄沉降较快，不利于人员逃生、施救。二是群众自救能力弱，火场被困人员为高龄老人和低龄儿童，紧急避险、火场逃生能力弱。死者王祝富发现火灾后，在未采取防护措施的情况下，盲目冲入火场救人而死亡。三是发现火情不及时，火灾发生在夜间，农村人员活动不活跃。在火场附近毛长球家跳舞、聊天的村民没有面对起火建筑，不具备第一时间发现火情异常的客观条件。第一报警人未选择相对安静环境报警且报警时未准确描述起火地址及基本情况。四是农村消防基础设施有盲点，起火建筑周围缺少火灾扑救设施设备，村民在发现着火后未能组织有效扑救。县城消防站和乡镇专职消防站距火灾发生地较远，无法快速赶赴现场施救。,1
揭阳市“3·26”重大火灾事故调查报告,12,17,390.93,事故直接原因是郑某某用其父亲郑晓生抽烟留下的打火机玩火，引燃一楼楼梯口南侧堆放的海绵内衣罩杯半成品堆垛所致。间接原因包括：郑晓生内衣作坊存在严重的消防安全隐患，擅自改变建筑用途和性质、违规住人、建筑安全条件差、防火分隔和消防安全技防措施不足、疏散楼梯单一、疏散通道堆放大量易燃物品、经营者消防安全意识淡薄、安全管理混乱及员工缺乏培训。同时，工商、供电、劳动、公安消防、安全生产监管等部门，以及莲坛村委会、沙堆村、军埠镇政府和普宁市政府在各自职责范围内对无照经营、违章用电、非法用工、消防安全监管、隐患排查整治、消防安全宣传教育和落实消防安全责任制等方面均存在不到位、不力或失职渎职的问题。,2
攀枝花市东区大渡口街华山村 1组119号2－1“3·22”火灾事故调查报告,1,0,4.848,该起火灾系死者邓某于客厅南侧沙发吸烟不慎引燃沙发及其周边可燃物导致。事故暴露出消防知识宣传存在短板，对卧床吸烟等家庭消防知识宣传力度不足；村社入户开展消防安全检查、消防安全知识的宣传教育、培训和灭火疏散逃生演练等存在盲区。,0
攀枝花市仁和区平地镇白拉古村 “6?12” 小型烤烟房火灾事故调查报告,0,0,9.2,火灾直接原因为烤烟设备电源线为非标产品，长期高温运行导致接头处绝缘层老化破损，发生短路打火，引燃可燃保温材料及烟叶。事故成因包括经营者未定期检修烤烟设备线路，使用非标电源线，违规采用可燃泡沫作为保温材料且未与加热设备保持安全距离，未配备消防设施。此外，基层监管部门（村委会、镇农业农村局）未将烤烟房纳入排查和开展专项安全检查，以及经营者安全意识薄弱，未接受消防安全培训，初期灭火处置不当，均是导致火灾发生的深层原因。,0
攀枝花市米易县撒莲镇摩挲村 “3?12” 食用菌种植大棚火灾事故调查报告,0,0,9.1,起火原因为温控器电源线为非标产品，长期处于潮湿环境导致接头处绝缘层老化破损，发生短路打火，引燃周边菌棒包装纸及塑料薄膜，引发火灾。灾害成因包括：设备管理疏漏，经营者杨军未定期检修温控设备线路，使用非标电源线，未及时清理堆积在设备周边的菌棒包装纸，且未配备消防设施；基层监管缺位，撒莲镇摩挲村村委会和镇农业服务中心均未将种植大棚纳入安全排查和专项检查范围；安全意识薄弱，杨军未接受消防安全培训，未意识到潮湿环境对电气设备的影响，初期灭火处置不当。,0
敬梓镇扬眉村“1·25”森林火灾调查报告,0,0,3.7464,直接原因：经公安机关依法查明，2023年1月25日16时20分，敬梓镇扬眉村中心村小组12岁郑姓小孩与其10岁郑姓堂妹到旱坑口荒田处燃放鞭炮（擦炮），12岁郑姓小孩燃放擦炮时扔在荒田边杂草上，随即引燃杂草蔓延至山岭造成森林火灾。间接原因：受天气因素影响，我县森林火险橙色预警生效中，容易引发森林火灾；该肇事者年龄较小，森林防火意识不强，发生山火后没有扑救能力，荒田距离山脚较近且杂草干枯，同时其未做好防火措施。,0
昆明“2·26”亡人火灾事故调查报告,2,0,84.754016,起火原因为玻璃房西北角区域距地面2.51米钢梁上方电气线路发生故障，引燃线路下方放置的木柜子及周边可燃物，蔓延扩大成灾。造成火灾蔓延扩大的主要原因为发现报警晚（起火时间发生在凌晨，居民处于熟睡阶段，直至烟气蔓延至二层才被发现并报警），以及火灾荷载大（103室住户有拾荒习惯，家中及玻璃阳光房堆放大量纸品、塑料废品、炭火、打火机充气罐等可燃易燃废旧物品，且电气线路敷设不规范，导致燃烧蔓延速度快，室内大量充烟且处于密闭状态）。造成人员死亡的主要原因是老年人逃生自救能力弱（死者分别为74岁和69岁老人，行动能力较弱，消防安全意识薄弱，缺乏必要的逃生自救常识和能力，未能及时逃生自救）。,0
昆明市“7·17”火灾事故调查报告,0,2,80,直接原因：301室住户王某使用的多功能插座因长期超负荷使用且电线老化，导致电气线路短路，火花引燃了客厅堆放的杂物。间接原因：王某消防安全意识淡薄，违规使用超负荷插座，且在房间内堆放大量易燃杂物；昆明盘龙物业管理有限公司未有效履行物业管理责任，未对楼宇进行日常消防安全巡查和宣传，未能及时发现并制止住户违规用电和堆放杂物的行为；行业监管部门（区住建局、区应急管理局和区消防救援支队）对物业公司的安全管理指导和监督不足，对辖区内居民楼的安全监管和消防宣传工作不够深入细致，未能有效提升居民的消防安全意识。,0
昆明市呈贡区雨花街道下庄村424号“6·23” 火灾事故调查报告,1,0,11.39682,直接原因：起火部位位于下庄村424号东侧厨房内，起火点位于柴火灶灶门口楼梯下方的木柴堆，起火原因系陈某在424号一层东侧厨房使用柴火灶后，余火未烬，蔓延至灶台旁木柴等可燃物，蔓延扩大成灾。间接原因：一是建筑结构耐火等级低，火灾荷载大，起火后火势蔓延迅速，加大了扑救难度。二是火情发现晚，第一报警人报警时间较迟。三是老年人逃生自救能力弱，死者陈某81岁，腿脚不灵活，火灾发生时逃生自救极为困难；同时，第一发现人也因年龄偏大、行动不便、火灾意识不强，导致没能在第一时间对初起火灾进行控制、扑救。,0
昆明市呈贡区龙城街道福香路86号二楼202室3·22亡人火灾事故调查报告,1,0,2.2632,起火原因为独自居住在202房间的张某某长时间使用电热毯，导致电热毯蓄热后引燃床单被褥等可燃物，蔓延扩大成灾。火灾蔓延扩大的主要原因包括：1. 发现报警晚，火灾发生于清晨，当事人及大部分村民还未起床，死者一人居住在房间内，火灾发生半小时后才有路人发现着火，40多分钟后才有路人拨打119报警电话，错过了火灾扑救的黄金时间；2. 火灾荷载大，起火房间多为衣服、被褥等可燃物品，起火后燃烧速度快，释放出大量有毒烟气，充斥整个房间，温度较高。造成人员伤亡的主要原因是死者为81岁独居老人，行动能力较弱，缺乏必要的逃生自救常识和能力，发生火灾后未能及时逃生自救。,0
昆明市盘龙区滇源街道办事处甸尾村村南小组 206号“3·15”亡人火灾事故调查报告,1,0,3.47372,"起火原因为房屋居住人陆**在堂屋中间偏北地面位置使用火盆，余火引燃盆边堆放的木柴等可燃物，蔓延扩大成灾。
造成人员伤亡的主要原因：1.火灾荷载大，产生大量有毒烟气。起火建筑为土木结构，陆凤存平时在房屋内使用火盆及木柴烧火取暖、做饭，火盆旁边堆放引火柴、木柴等可燃物，未及时清理，火灾荷载大。2.发现报警晚。火灾发生于凌晨，大部分村民正处于熟睡阶段，房屋未设置火灾报警器，没有第一时间发现着火，导致报警时间较晚。3.老年人逃生自救能力弱。死者62岁，为独居老人，生前患有间歇性精神病，日常行为表现异常，不能分辨家人及周围邻居，行动能力较弱，缺乏必要的逃生自救常识和能力，发生火灾后未能及时逃生自救。",0
昆明市盘龙区青云街道办事处云山村老村82号苟明全户“7·26”亡人火灾事故调查报告,1,3,9.114008,"起火点位于301房间西侧西北角区域，起火原因为301房间西北角床脚靠北墙区域插线板金属插片发生故障，引燃周围衣服、梳妆台等可燃物，蔓延扩大成灾。造成人员伤亡的主要原因为儿童人员年纪较小，缺乏基本的自救逃生能力，在发生火灾过程中行动能力较弱，且着火房间空间较小，并对房间进行了分隔，增加了疏散逃生的距离。在火灾发生时房间内3人处于熟睡状态，其中2个大人被火烧醒后自行逃生，随后，听见娃娃哭以后，才想起还有1人在房间内，导致错失了最佳的逃生自救时间。同时，自建房房屋仅有一部疏散楼梯,楼梯为敞开式，房屋结构易形成“烟囱效应”，影响人员疏散逃生。",0
昆明市西山区福海街道“9-01” 较大火灾事故调查报告,6,1,9.3,直接原因：1. 火灾发生原因：李XX所有的电动自行车在充电过程中，充电器短路，引燃电动自行车车身可燃部件，产生大量高温有毒热烟气，并引燃其余电动自行车，蔓延扩大成灾。出租人陈X及李XX未履行管理职责，未配备消防设施，且允许承租人将电动自行车停放屋内并私拉乱接电线充电，导致消防隐患。2. 火灾蔓延扩大原因：电动自行车违规停放占用疏散通道，封堵逃生通道，导致人员无法逃生。房屋建筑结构（仅一部楼梯，无窗户）受“烟囱效应”影响，大量有毒热烟气迅速沿楼梯向上蔓延扩散，导致楼上住户无法逃生。室内未配置应急照明灯、疏散指示标志和灭火器，影响了初期火灾扑救和人员逃生效率。间接原因：1. 消防安全管理工作落实不到位，各级单位（杨家社区、王家地新村居民小组、西山区福海街道办事处、市公安局西山分局杨家地派出所、西山区消防大队、市公安局西山分局）未发现和消除事发建筑消防安全隐患，未充分履行监督管理职责。2. 电动自行车消防安全综合治理不到位，各级单位（杨家社区居委会、王家地新村居民小组、西山区福海街道办事处）未对出租房屋内电动车违规停放、充电和线路乱拉乱接等行为采取有效措施清理整顿。3. 违法违规建筑监管不力，事发建筑未经审批加层，西山区福海街道办事处和西山区人民政府监管缺失。4. 房屋租赁管理工作落实不到位，西山区住房城乡建设局未对事发建筑租赁行为进行监督管理。5. 事故死者缺乏基本的火场逃生自救常识，受从众心理和趋光心理影响，未能选择正确的逃生方向，最终因吸入大量有毒气体窒息死亡。,1
昆明滇池国家旅游度假区滇池印象花园小区  “2·26”亡人火灾事故调查报告,2,0,84.754016,起火原因为玻璃房西北角区域距地面2.51米钢梁上方电气线路发生故障，引燃线路下方放置的木柜子及周边可燃物，蔓延扩大成灾。火灾蔓延扩大的主要原因包括发现报警晚（起火时间发生在凌晨，居民处于熟睡阶段，直至烟气蔓延至二层才发现着火并报警），以及火灾荷载大（死者生前有拾荒习惯，将拾荒废品全部存放于家中，起火现场103室住户室内及室外玻璃阳光房堆放大量纸品、塑料废品、炭火、打火机充气罐等可燃易燃废旧物品，家中电气线路敷设不规范，燃烧蔓延速度快，室内大量充烟且处于密闭状态）。造成人员死亡的主要原因为老年人逃生自救能力弱（死者分别为74岁和69岁老人，行动能力较弱，日常消防安全意识薄弱，缺乏必要的逃生自救常识和能力，发生火灾后未能及时逃生自救）。,0
明州市西城区“幸福家园”小区临街商铺“11·09”较大火灾事故调查报告,5,3,450,"直接原因：
“鑫诚家电维修店”内一旧冰箱通电状态下发生电气线路短路，引燃周边可燃物。

间接原因：
1. 经营者李某某安全生产主体责任完全不落实：违法违规经营，在不符合安全条件的“三合一”场所内违规住人，生活用火与经营活动混杂；现场风险极高，店内可燃物堆积如山，堵塞疏散通道，电气线路敷设完全不符合安全规定；安全意识极度淡薄，无任何消防安全措施，未配备必要的灭火和逃生器材。
2. 属地管理和行业监管责任落实不到位：西城区光明街道办事处对辖区内“三合一”场所的排查整治工作不深入、不彻底，网格化管理流于形式，未能及时发现并上报该场所的重大安全隐患；西城区消防救援大队对该场所的消防安全监督检查不到位，未能有效督促经营者整改火灾隐患；西城区住建局对老旧小区底层商业网点的改变使用功能、违规住人等问题缺乏有效监管；市公安局西城分局派出所履行消防监督检查职责不力，对辖区“九小场所”的日常检查不细致。",1
昭通大关“7·6”较大居民自建房火灾事故调查报告,6,0,154.84,调查认定，大关“7·6”较大居民自建房火灾事故是一起因房主没有落实安全管理主体责任，未按照有关要求设置防火分隔、配齐消防设施，对用电线路维护管理不到位，火灾风险隐患排查治理不深入不彻底，火灾隐患长期未得到有效整治导致的非生产经营性较大火灾事故。事故直接原因是：杨X户自建房一楼家具零售店西南角立柱侧敷设的入户电线发生短路，因短路产生高温导致电线发生融熔喷溅现象，引燃周围摆放的家具等可燃物，蔓延扩大成灾。间接原因包括：涉事建筑一楼、二楼家具零售店与楼上人员居住区无有效防火分隔；家具零售店堆放有大量家具，海绵、布料居多，火灾负荷大，燃烧速度快，短时间内产生大量有毒烟气；楼梯间设置在建筑中部，上下联通，无排烟设施，起火后，烟气迅速沿内部楼梯间向上迅速蔓延，形成一个“夺命烟囱”，封堵了疏散逃生通道；楼梯间直通屋顶露台的门上锁；遇难者为妇女儿童，缺乏正确的火场逃生常识，逃生自救能力差；火灾发生在凌晨，被困人员不能及时发现火情，没有充足的逃生时间。,1
晋安区新店镇西庄小区12号楼“12·2”较大火灾事故调查报告,3,0,10.4156,经调查认定，事故的直接原因是西庄小区12号楼2梯一层门厅东侧的4号电动自行车锂离子电池故障热失控引发起火，引燃周边电动自行车，燃烧产生的火焰和高温有毒有害烟气快速向楼梯间蔓延，造成人员死亡。事故暴露的主要问题包括电动自行车违规改装使用超标锂离子电池、违规停放于住宅公共门厅，以及电动自行车违规改装隐蔽性大、违规停放现象多、执法查处力度不足，未形成综合治理。,1
晋江市陈埭镇“3.29”较大火灾事故调查情况,4,4,508.5654,直接原因：晋江市陈埭镇湖中村苏埭105号出租房一层楼梯间电动车车踏板至车前把手区域的电气线路短路。间接原因：1.晋江市陈埭镇湖中村苏埭105号出租房产权人王放将不符合消防安全条件的建筑物出租给他人使用。2.晋江市陈埭镇湖中村苏埭105号出租房实际管理人朱早翠日常消防安全管理缺失，未对该出租房长期存在的消防安全隐患进行排查整改，未落实对该出租房的消防安全管理主体责任。3.晋江市陈埭镇人民政府、晋江市公安局陈埭派出所和晋江市陈埭镇湖中村村委会对湖中村苏埭105号出租房长期存在的消防安全隐患排查不到位。,1
晋江市陈埭镇“6·1”较大火灾事故,4,0,0,直接原因：经消防部门认定，本起火灾是二层车间西北部的喷胶机内部电气线路短路产生高温熔珠引燃周边可燃物引起的。间接原因：1.晋江市酷哥靓妹鞋业有限公司厂房未经消防验收，内部消防设施薄弱；安全生产管理混乱，员工消防安全意识淡薄；作业场所安全管理不到位，物料堆放混乱，喷胶机电源开关长期处于开启状态，机器内线路长期不规律通电导致线路老化严重；对工作人员的管理不到位，未与员工签订劳动合同，未严格禁止非工作人员进入生产车间。2.陈埭镇人民政府、晋江市公安局陈埭派出所和西滨派出所、陈埭镇梧埭村委会对晋江市酷哥靓妹鞋业有限公司厂房的消防监督检查不到位，对其存在的消防安全隐患督促整改不到位。3.陈埭镇人民政府、陈埭镇梧埭村委会督促晋江市酷哥靓妹鞋业有限公司落实安全生产制度不到位。4.陈埭镇人民政府、陈埭镇劳动保障事务所、陈埭镇梧埭村委会未检查晋江市酷哥靓妹鞋业有限公司劳动合同签订情况，未督促其依法与员工签订劳动合同。,1
晋江市陈埭镇西坂村“8·8” 较大火灾事故调查报告,8,0,830.75,直接原因：蒋祖斌在四层电梯井口违规焊割，溅落的焊渣引燃第一层电梯井口西侧阁楼上的海绵堆垛引发火灾。施工过程中未清理周边及下方可燃物，未落实现场动火监护人及相关防护措施，未采取围挡封闭措施，导致焊渣溅落。施工部位位于井道，形成烟囱效应，加速火势蔓延。同时，起火建筑第六层及第七层局部违章搭盖铁皮屋作为生产场所，增加建筑火灾荷载，占用避难区域，影响排烟通风，导致高温有毒烟气迅速在第六层大量聚集。间接原因：建筑逐层分租导致消防安全管理混乱，未明确安全管理责任，公共疏散楼梯、消防设施缺乏统一维护管理。建筑内车间、仓库混杂，大量储存可燃物品，火灾荷载大，产生大量高温有毒浓烟。建筑业主和承租经营单位未组织消防应急演练，从业人员消防安全意识淡薄，未及时通报火警，影响逃生时间。此外，晋江市城市管理局、晋江市公安局陈埭派出所、陈埭镇党委政府、晋江市住建局、西坂村村委会及晋江市消防救援大队等相关部门在安全生产隐患排查整治、消防安全监督检查、违章搭盖查处、零星工程监管等方面存在履职不到位、失察失管、督促不力等问题，未能及时发现并纠正消防安全隐患和违规施工行为。,1
晋江市陈埭镇西坂村“8·8”较大火灾事故调查报告,8,0,830.75,起火原因为蒋祖斌在四层电梯井口违规焊割，未清理周边及下方可燃物，未落实现场动火监护及防护措施，导致溅落焊渣引燃第一层电梯井口西侧阁楼上的海绵堆垛引发火灾。起火建筑业主违法违规扩建电梯井道，并违章搭盖铁皮屋作为生产场所，增加了建筑火灾荷载，且施工部位位于井道形成烟囱效应加速火势蔓延，违章搭盖也影响建筑排烟通风并占用避难区域，扩大了灾害后果。间接原因为建筑逐层分租导致消防安全管理混乱，未明确安全管理责任，未对公共疏散楼梯、消防设施统一维护管理，建筑内车间、仓库混杂设置并大量储存可燃物品，火灾荷载极大，产生大量高温有毒浓烟；建筑业主和各承租经营单位均未组织消防火灾应急演练，致使从业人员消防安全意识淡薄，发现火灾时机较晚，影响逃生时间。此外，晋江市城市管理局、晋江市公安局陈埭派出所、陈埭镇党委政府、晋江市住建局、西坂村村委会、晋江市消防救援大队等多个政府部门和基层组织在安全生产隐患排查整治、违章搭盖查处、消防安全监督检查、建筑施工安全监管和网格化管理等方面履职不到位，存在失察失管，未能及时发现并纠正事故建筑存在的各类消防安全隐患和违规施工行为。,1
晏田乡蕉林村“12·18”非法生产爆竹较大火药爆炸事故调查报告,4,1,38,"直接原因：熊国生、潘雪梅非法组织爆竹生产，潘雪梅在搬运爆竹半成品经过堂屋时操作不当，引起燃烧爆炸。
间接原因：1.相关人员为非法生产提供便利条件。周维国出租房屋给熊国生是用于非法生产爆竹；程兴友、杨姣屿违法向熊国生提供原材料氯酸盐（低钾）和空筒，支持其非法生产。2.蕉林村委安全生产责任落实不到位。开展打击非法生产烟花爆竹宣传教育工作不到位，没有严格按照安全生产责任制要求积极开展非法生产线索摸排，未对非法生产农村家庭式作坊进行地毯式的全面排查，排查工作不细致，不到位。3.晏田乡安全生产工作责任制落实不到位。在辖区内未严格组织安全生产隐患排查整治，安全生产检查不深入不彻底，未落实安全生产包片责任制；安全生产监管机构配备不合理，安全监管履责不到位，对所属片区、村落开展烟花爆竹“打非”工作监督检查指导不力。4.武冈市公安部门对安全生产重视程度不够，没有认真履行“打非”工作职责。对非法生产的源头打击不彻底，致使部分乡镇（村）非法生产安全隐患长期存在，导致事故发生。5.武冈市安监局“打非”职责履行不力。未认真组织、协调、督促全市“打非”治违工作，开展安全隐患排查整治不深入不彻底，对各乡镇落实烟花爆竹“打非”主体责任监督检查不严格不细致。6.武冈市人民政府未严格落实安全生产“打非”主体责任。对全市烟花爆竹行业安全管理和隐患排查治理工作督促指导不力；对市“打非办”成立后的工作部署督促检查缺位；“打非办”各成员单位职责不明，任务不清，打击非法生产不到位。",1
朝阳路195号“6.28”一般火灾事故调查报告,2,0,69.6371,起火原因为电气线路故障。灾害成因包括：1. 电气线路火灾隐患大，经营者未聘请专业电工规范敷设电气线路，场所内长期超负荷用电，电表的出线存在过负荷造成的绝缘内焦脱落现象，平常也有很多不规范的用电行为；2. 场所安全条件差，商铺内有楼梯直通二层住宿部分，未进行防火分隔，存在“三合一”问题，商铺和二层住宿部分存放大量安全帽、雨衣、机油、轮胎、摩托配件等，火灾荷载大；3. 经营者安全意识薄弱，二层住宿部分通向单元式住宅楼梯的入户门长期反锁，且门口堆放货物阻塞疏散通道，被困人员缺乏自救逃生能力；4. 属地政府监管不到位，东岭镇人民政府对“九小场所”、“三合一”场所消防安全治理工作推进不力，东岭镇大坵村委会未认真落实消防安全网格化管理工作，东岭派出所开展辖区日常消防监督检查和消防宣传教育不扎实，未跟踪检查到位。,0
朱雀热力有限责任公司锅炉及附属设备拆除工程项目“8?5”火灾一般事故调查报告,0,3,17.45,直接原因：英华公司施工人员在1#、2#脱硫塔顶部采用氧气丙烷气切割起吊孔，切割过程产生的炽热钢渣直接落入塔内，导致脱硫塔内壁防腐材料中的乙烯基树脂燃烧。由于1#、2#脱硫塔烟气出口管道通过防腐烟道与脱硝塔、湿式电除尘器、烟囱连接贯通，烟囱抬升效应显著，空气流通，导致火势蔓延。间接原因：1.英华公司安全生产主体责任落实不到位，专项施工方案不详细，切割作业人员未持证上岗，安全教育和技术交底不到位，安全管理措施不到位，未及时发现并消除事故隐患。2.建筑工程监理监理职责履行不到位，对专项施工方案审核不严，未严格审核安全教育及技术交底落实情况，未及时督促整改安全隐患。3.朱雀热力作为项目建设单位，对项目的安全生产工作统一协调、管理有漏洞，安全检查不全面、不细致、不到位，未切实督促有关单位履行安全管理职责，未及时发现并消除事故隐患。4.西安市市政公用局及其下属单位西安市燃气供热监督管理中心，安全生产监管职责履行不到位，日常监管检查不细致，未及时发现施工现场存在的安全隐患。5.碑林区相关部门（碑林区建设和住房保障局、西安市环保局碑林分局、碑林区张家村街办），落实“三管三必须”和“属地管理”要求不到位，安全生产监管职责履行不到位，安全隐患排查工作不到位。,0
杨桥镇桥兴社区“4·22”较大火灾事故调查报告,4,0,66.2,直接原因：手机充电造成电气线路故障引发火灾。间接原因：1. 店主消防安全意识淡薄，店铺内货物堆放杂乱并违规在店铺内设置阁楼留宿，未配备消防器材，把店铺后面唯一的窗户焊牢，现场电气线路较为混乱且关门后未对店内区域及时断电，对消防隐患未重视配合整改。2. 镇政府消防管理存在薄弱环节，未严格落实相关法律法规，未完善消防基础设施建设，对社区消防工作和颜记五金店存在的消防安全隐患未采取有效措施督促整改到位。3. 开展消防警示宣传不全面，社区未制定防火安全公约，居民消防安全意识和应急处置能力不足。4. 消防部门对农村消防工作重视不够，对杨桥镇公安派出所日常消防监督检查指导不到位，对杨桥镇消防器材配备、消防设施维护检查督促不到位。,1
杭州市临安区昌化镇朱白村孙家30号民房“12·4”火灾事故调查报告,1,0,0,起火原因为遗留火种引燃周围可燃物起火所致。事故原因分析：1.房屋为砖木结构，建造于90年代初，楼板和楼梯均为木质结构，屋内可燃物多，仅一部楼梯且建于房屋前厅内，不便于逃生。2.报警不及时，为着火房屋对面村民报警，户主孙某红未第一时间报警，其母亲戴某花年事已高无能力通知户主开展初期火灾扑救及报警。3.逃生自救意识薄弱，户主孙某红发现时位于二楼洗手间，未进行有效自救措施。户主母亲戴某花年事已高，自理能力弱，无法正常交流。4.路况复杂，位置偏远，当时段天气中到大雨，事故现场道路为环山公路且无路灯照明，道路狭窄影响行车速度，消防队伍到场时间较长。,0
某输气站“1.20”天然气管道爆炸着火事故案例,10,50,995,直接原因：Ф720管材螺旋焊缝存在缺陷，在一定内压作用下管道出现裂纹，导致天然气大量泄漏。泄漏的天然气在白杨树根系发育使土质疏松的树兜下聚集，并携带硫化亚铁粉末遇空气氧化自燃，引发管外第一次爆炸，同时造成管道撕裂。第一次爆炸后的猛烈燃烧使管内天然气产生相对负压，部分高热空气迅速回流管内与天然气混合，引发第二次爆炸，约3分钟后引发第三次爆炸。间接原因：管道运行时间长，管材疲劳受损；管道建设时期防腐工艺落后，管道外层腐蚀严重；管道内壁也受到腐蚀，产生硫化亚铁粉末；白杨树根系发育使土质变得较为疏松，为天然气泄漏并在管外聚集爆炸提供了条件；富加输气站场及进、出管道两侧存在较多建构筑物且过密，逃生通道狭窄；员工、家属和附近居民在逃生过程中恰遇第三爆炸点爆炸；油气田分公司对基层单位的安全生产管理工作存在不足，特别是对役龄较长的输气管线存在的安全隐患重视不够，管道巡查保护不力；仁寿县人民政府及规划和建设局对管线周围民用建构筑物过多造成的隐患认识不足，审批把关不严。管理原因：本次威青线大修工程投产方案采用天然气直接置换空气方式，严重违反规定，且没有按规定检测排放气体；施工组织方案不落实，未到现场对工程技术质量和安全环保检查把关；西南油气田修建富加站值班宿舍时，未严格执行《石油天然气管道保护条例》及有关规范的规定，在管线、场站的安全距离内建房，并将场站逃生通道选择在管道上方，并违反规定允许员工家属住在场站值班宿舍；管道巡护责任不落实，管理人员对巡线工执行管道巡护操作规程的情况监督检查不力，致使管道上方和管道附近深根植物长期存在，没有及时处置。,2
桂阳县玉景翡翠湾小区3栋206门面“8·22”一般火灾事故调查报告,2,0,47.9519,直接原因：1. 3栋206号门面承租人成新兵未经批准擅自开设门洞，占用公共部分安装排风系统，违规将电焊作业承包给未取得熔化焊接与热切割特种作业操作证资格的李异桂，李异桂未经培训考核合格取得特种作业操作证上岗作业，违反电焊操作规程在易燃危险物品的容器罐旁近距离进行电焊作业，作业前未对作业环境进行安全检查，未对208店面使用的盛装环保油容器罐采取消防安全措施。2. 3栋208号商铺李氏我家酸菜鱼饭店经营者李振华将易燃危险物品环保油容器罐安放在店面后巷的公共空间，无任何消防安全措施和消防安全标志，未尽到管理和告知义务。间接原因：3. 桂阳县玉景房地产开发有限公司在玉景翡翠湾小区3栋消防未经验收合格的情况下擅自投入使用。4. 桂阳县弘兴物业服务有限责任公司未对3栋208店面占用公共空间存放易燃危险物品行为进行制止和纠正，对208店面使用环保油燃料未履行消防安全监督检查责任，对206门面承租人成新兵占用公共空间安装排风系统未加制止。,0
梅州市“10?18”火灾事故调查报告,1,0,70,直接原因：梅州市梅江区黄永平汽修厂经营者黄永平，安全意识淡薄，不具备特种作业资格违法违规进行电焊作业，电焊产生的高温且带有明火的焊渣，溅落在车牌为赣CQ7805的牵引车的油箱上，引起油箱爆燃，火势蔓延成灾，并导致严志明死亡。间接原因：梅州市梅江区城北镇明阳村黄永平汽修厂只有2个手提式灭火器，且厂内及周边均无消防设施、设备，消防设施、设备的严重缺失、不足是事故发生的间接原因。,0
梅州市梅江区城北镇明阳村黄永平汽修厂“10.18”火灾事故调查报告,1,0,70,梅州市梅江区黄永平汽修厂经营者黄永平，安全意识淡薄，不具备特种作业资格违法违规进行电焊作业，电焊产生的高温且带有明火的焊渣，溅落在车牌为赣CQ7805的牵引车的油箱上，引起油箱爆燃，火势蔓延成灾，并导致严志明死亡。梅州市梅江区城北镇明阳村黄永平汽修厂只有2个手提式灭火器，且厂内及周边均无消防设施、设备，消防设施、设备的严重缺失、不足是事故发生的间接原因。,0
榕城区梅云街道 广东威武实业有限公司“12·12”一般火灾事故调查报告,0,0,581.56,"直接原因：事故楼房5楼仓库人货电梯后面的电气线路故障是引起火灾的直接原因。
间接原因：1、企业安全管理制度执行不力，隐患排查不彻底，安全生产主体责任落实不到位。2、企业安全教育制度不落实，安全生产管理人员和员工应急救援能力不强，火灾发生时对余火和复燃的火苗警惕性不足，自主施救不当，且未及时进行报警，延误了救援时间。3、事故楼房分3次建设，均未聘请有资质的单位进行设计施工，东侧、中间和西侧建筑建成之后又将墙体打通，将厂房2条约2cm宽的建筑伸缩缝连接在一起，其中一伸缩缝即在起火点附近，导致火灾很快形成立体燃烧，加快火势蔓延。企业没有按规定进行设计施工，存在违法建设行为。4、企业安全生产保障能力差，未按规定配备具备资质的特种作业人员（电工），未及时发现排除5楼仓库供电线路隐患。5、企业主要负责人安全生产职责履行不力，未按规定督促、检查本单位的安全生产工作，及时消除生产安全事故隐患；企业安全管理人员未认真履行安全生产管理职责，未认真落实隐患排查治理制度。6、梅云街道夏桥社区居民委员会贯彻落实安全生产和消防安全隐患整治工作部署不力，消防安全宣传教育工作不到位，落实消防安全网格化管理工作力度不足，对辖区内重点企业的安全检查不突出、不细致，没有及时发现广东威武实业有限公司存在的安全生产和消防安全隐患和问题，未能提供对广东威武实业有限公司的检查记录和台账。7、梅云街道派出所督促、指导夏桥社区居委会落实消防安全责任不力，贯彻落实上级部署的消防安全专项排查整治工作不到位，未制定消防安全专项整治相关监督检查计划，检查台账不完整，隐患排查治理没有闭环管理，未能提供对广东威武实业有限公司的检查记录和台账。8、梅云街道办事处未能全面加强辖区内安全生产和消防安全工作，对榕城区政府关于村级工业区消防安全专项整治、今冬明春火灾防控要求工作落实不力，工作推动力度不足，没有认真督查、指导夏桥社区居委会做好安全生产和消防安全工作。",0
横州市马岭镇城西区“1·17”火灾事故调查报告,3,0,7.16,直接原因是黄树佳使用电取暖器不当引燃可燃物蔓延成灾，监控视频显示电取暖器周围存在大量可燃物（包括机油），一放有塑料袋等物品的纸箱掉落到餐桌下电取暖器附近，从该处出现了火苗并引发火灾。间接原因包括：1. 零冬雪助力自行车及配件经营铺存在火灾隐患，属于典型的“下店上宅”的“三合一”场所，堆放大量易燃可燃杂物，未配置消防设施，住宿与经营场所未设置独立疏散设施和防火分隔。2. 个体经营户消防安全主体责任未落实，经营者消防安全意识淡薄，未制定灭火及疏散应急预案，未开展防火检查巡查，场所内违规使用电器设备，助力自行车及电池等相关配件管理混乱。3. 违章建设影响灭火逃生，楼顶搭建铁皮棚和铁皮围挡形成较封闭空间，导致高温有毒烟气不能及时扩散。4. 乡镇消防力量未能很好发挥灭火效能，马岭镇微型消防站车辆因故障送修，未及时取回并恢复执勤战备状态，未能第一时间扑救初期火灾。5. 缺乏消防安全常识，群众自防意识缺乏，使用电热器具不当，未采取有效分隔和配齐消防设施，火灾发生后未第一时间报警和采取正确逃生自救方式。6. 政府及职能部门对辖区自建房消防安全监管不力，督促指导下级部门履行职责不力，消防安全检查不到位，监管不深入，消防安全常识宣传教育工作不足，网格化管理不到位。,1
横栏镇中凤五金店“10·15”一般生产安全事故调查报告,0,3,258,直接原因：黄定均在抛光区域利用抛光机对铁制五金配件进行打磨抛光作业时，打磨产生的火花引起装有铝粉尘和锌合金粉尘的干式巷道式构筑物的布袋直接发生燃爆，并迅速通过抽风机往除尘系统的巷道里燃烧、整个抛光系统和除尘巷道都发生闪爆，导致黄定均、蒋福金、刘忠白3人当场重伤。间接原因：1. 中山市横栏镇中凤五金店未落实安全生产主体责任，不具备安全生产条件，从事粉尘涉爆作业，使用了国家明令禁止的危及生产安全的工艺设备（干式巷道式构筑物布袋除尘系统），未组织制定并实施安全生产操作规程，未建立健全并落实粉尘清扫制度，未对工人进行安全生产教育和培训，未建立健全并落实生产安全事故隐患排查治理制度，未及时发现并消除重大生产安全事故隐患。2. 经营者刘忠白作为主要负责人，未组织制定并实施本单位的安全生产规章制度和操作规程，未落实粉尘定期清扫制度，未组织制定安全生产教育和培训计划，未落实隐患排查治理制度，未消除重大生产安全事故隐患，未组织制定并实施生产安全事故应急救援预案。3. 经营场所出租方麦福贵未与承租单位签订专门的安全生产管理协议，未明确各自的安全管理职责，未对承租单位的安全生产工作统一协调、管理，未定期进行安全检查，未发现安全问题。4. 事故涉事场所的建筑属于历史存量违章建筑，未办理规划报建手续。5. 横栏镇应急管理局安全生产工作巡查检查不深入不到位，对辖区涉爆粉尘企业情况摸排不到位，安全生产监管能力有待提高，日常监管力度有待加强。6. 横栏镇城管住建和农业农村局开展“两违”建筑动态巡查发现工作不力，未能对涉事违章建筑进行动态巡查发现，未将该“两违”情况移交相关职能部门查处。7. 横栏镇新茂村网格化管理履职不力，网格员安全生产知识不足，未发现安全隐患。,0
武冈市晏田乡蕉林村“12·18”非法生产爆竹较大火药爆炸事故调查报告,4,1,38,直接原因：熊国生、潘雪梅非法组织爆竹生产，潘雪梅在搬运爆竹半成品经过堂屋时操作不当，引起燃烧爆炸。间接原因：1. 相关人员为非法生产提供便利条件（周维国出租房屋，程兴友、杨姣屿违法提供原材料）。2. 蕉林村委安全生产责任落实不到位，未认真细致排查非法生产线索。3. 晏田乡安全生产工作责任制落实不到位，未严格组织隐患排查整治，监管履责不到位。4. 武冈市公安部门对安全生产重视程度不够，未认真履行“打非”职责，对非法生产源头打击不彻底。5. 武冈市安监局“打非”职责履行不力，未深入彻底开展隐患排查整治。6. 武冈市人民政府未严格落实安全生产“打非”主体责任，督促指导不力，且“打非办”职责不明，打击非法生产不到位。,1
武夷山市洋庄乡“10·12”森林火灾,0,0,35.4271,直接原因为挖掘机驾驶员周仕龙在未确认电缆线是否带电、未向相关部门报告的情况下，擅自拉扯带电电缆线，导致接头短路产生电火花，引燃周边干草引发森林火灾。间接原因包括：洋庄乡东村村委会违规承诺致用电未及时注销，对疫木采伐项目跟踪监督管理不到位，森林火灾隐患排查不力；洋庄林业工作站对疫木采伐工作失管，护林员森林火灾隐患排查不力；洋庄供电所对表后长距离输电线路及用电规范情况巡查不力，未能发现用户违规私拉电缆、转供电行为；洋庄乡人民政府对违建处置未告知供电部门，致用电安全隐患，森林火灾隐患排查整治不力；武夷山市林业局森林火灾隐患排查不全面不深入，督促指导检查工作不到位；武夷山市工业和信息化局电力行业监督管理职责履行不到位。,0
水宁寺镇金银村 “12?05” 小型粉条加工厂火灾事故调查报告,0,0,9.2,起火原因是烘干架电加热管电源线为非标产品，长期高温高湿环境导致接头处绝缘层老化破损，发生短路打火，引燃周边湿粉条及淀粉包装。灾害成因包括经营者周敏安全管理缺位（未定期检查设备线路、使用非标电源线、湿粉条违规堆放、未配备消防设施、未制定设备日常维护制度）、基层监管疏漏（村委会未将粉条加工厂纳入排查、镇市场监督管理所未查处其无备案经营行为及督促落实安全要求）、以及经营者安全意识薄弱（未接受消防安全培训，对电气设备影响不清楚，初期灭火处置不当）。,0
永和家园1栋0101号门面冷水滩区老黑辣椒炒肉店“3?30”火灾事故调查报告,1,0,2.497,曾丽萍（死者）生活用火不慎，晚上休息时，没有将火炉熄灭，液化气泄露遇明火引发火灾导致事故发生。居民在日常生活中自我保护意识不强、警惕性不高。,0
永安镇城治村良堂队“12·28”事件调查报告,2,2,20.2,直接原因是彭超日房屋储存有烟花半成品，因烟花半成品受摩擦产生火花引起燃烧起火，同时引燃放置在房屋内所有烟花半成品及房屋内的所有可燃物品。燃烧发生后，因房门内开堵住逃生通道，导致在屋内的4人烧伤并窒息。间接原因是：户主赵业容、彭超日二人缺乏安全知识，法律意识淡薄，安全意识不强，居住场所存放烟花原料易燃危险品，操作不当或火源管理不严；彭毅、苏荣峰在永安镇城治村大村队非法加工烟花，并分发装填了火药的烟花饼给部分村民带回家中插引线，赵业容将此类烟花原料带回家；永安镇党委政府、城治村村“两委”、永安镇国土规建环保安监站、博白县公安局永安派出所等有关单位对烟花爆竹“打非”工作责任不落实到位，未能及时排查发现和打击非法加工窝点，安全隐患排查整治不全面不彻底，存在严重失职。,0
永州宁远“10·10”较大火灾事故调查报告,4,2,42.55,直接原因：汽配门店经营人在店内燃用蚊香，管理不善引燃周边瓦楞纸外包装引发火灾，着火后店内大量存放的化油器清洁剂、润滑油、灌装油漆等易燃易爆物品迅速受热爆燃，润滑油在高温下形成流淌火，助推火灾迅速蔓延扩大，同时产生大量高温有毒烟气并封堵逃生通道导致门店楼上人员伤亡。间接原因：1. 存放大量易燃易爆物品。汽配门店内存放大量化油器清洁剂、润滑油、灌装油漆等易燃易爆的物品，导致火灾迅速蔓延扩大并产生大量高温有毒烟气。2. 建筑内防火分隔不到位。店铺经营者缺少基本安全意识，以店为宅，存放易燃易爆物品的场所与住宅设置在同一栋楼内，生产、生活未做防火分隔。乡镇街道属地管理责任缺位，多合一场所整治和自建房安全整治隐患排查流于形式，日常安全监管不到位，导致火灾发生后烟气迅速蔓延至二楼、三楼，致使三楼的人员无法安全逃生。,1
永顺县“1.27”较大火灾调查报告,6,3,601.5,"起火原因：不排除永顺县豪爵专卖店城南分店东至西1号开间阁楼内中间货架上方LED灯（含电源线）故障起火引燃周边可燃物引发火灾的可能。
直接原因：
1. 火灾蔓延扩大的原因：防火分隔不到位（门店内仓储和销售区域之间、门店与住宅部分之间、住宅与楼梯之间均未进行有效防火分隔，在楼梯间形成烟囱效应）；高温烟气聚集（楼梯间自然排烟窗口被遮挡，屋顶露天平台被封闭）；火灾荷载大（起火门店存放的物品大部分为易燃可燃物品，燃烧迅速，产生大量高温有毒气体）；防盗网阻碍逃生（起火建筑住宅窗户安装有封闭式防盗网，未开设逃生窗）。
2. 人员伤亡的原因：火场逃生受阻（高温烟气蔓延至整个楼梯间，住宅内人员无法通过楼梯间逃生）；楼梯间及屋顶违规改造（楼梯间中转平台处自然通风窗口区域被违规改造成厨房厕所，无法排烟；六层作为建筑屋顶平台违规搭建被完全封闭，高温烟气无法排出室外）；住宅套间与楼梯间防火分隔不到位（窗户玻璃受高温炸裂，高温烟气迅速蔓延至住宅内）；燃烧产生大量有毒浓烟（店内销售的摩托车及配件燃烧后产生大量浓烟、一氧化碳等有毒烟气）。
间接原因：
1. 摩托车店主消防安全主体责任不落实：门店内未配备任何消防设施器材、未制定任何消防安全制度；未经主管部门备案登记，非法开展机动车维修业务；非法加设阁楼，并用做摩托车配件仓库；电气线路未经阻燃处理直接敷设在易燃可燃材料上；对有关部门检查发现的安全隐患问题拒不进行整改；发现火灾后，未及时查明火情、未有效处置、未及时报警，没有及时通知疏散楼上人员逃生。
2. 房屋出租人未履行消防安全主体责任：未经房屋租赁登记备案违法租赁房屋；未明确房屋租赁人的安全责任；允许黄纯刚非法加设阁楼，并用做摩托车配件仓库。
3. 永顺县人民政府和相关部门履职不到位：打击“两违”存在盲区；房屋租赁登记备案流于形式；机动车维修备案存在漏洞；对“九小”场所的消防安全监督检查不彻底，宣传教育培训力度不够。",1
永顺县石堤镇麻岔村民房“3·5”火灾事故调查报告,2,1,10.2858,直接原因为烤火炉过热引燃周边可燃物引发火灾。根本原因为监护人消防安全意识淡薄，将儿童单独留在家中，且离开时未检查烤火炉安全。间接原因和暴露问题包括：未成年人逃生自救能力不足导致人员伤亡；成年人盲目救援导致人员受伤；起火建筑为木质结构且无消防设施，耐火性差；农村地区道路狭窄，消防通行困难，延缓救援时间；以及村委会和镇党委政府消防安全宣传和检查指导不到位。,0
汉源县富林镇新兴村 “1?15” 农房火灾事故调查报告,0,1,6.82,直接原因为王秀英在北侧卧室使用煤火炉取暖时，未关闭炉体风门，导致炉火燃烧过旺，炉口温度过高，引燃距炉体仅0.3米的棉被，火焰迅速蔓延至周边衣物及木质家具，最终引发火灾。深层次原因包括群众消防安全意识薄弱，如将易燃物品靠近煤火炉放置、用火安全习惯不良（未关闭炉体风门、未配备消防器材）及老年人自救能力不足；农村消防安全群防群治机制不健全，表现为基层排查流于形式、对独居老人等重点人群监管缺失、消防安全宣传教育不到位；以及消防安全管理责任落实不到位，镇级监管和村级责任未压实、部门协同不足，导致农村自建房消防安全处于监管空白。,0
江北区观音桥街道桥鸿一村“5·5” 火灾事故调查报告,1,0,12.704,火灾起火部位位于江北区观音桥街道桥鸿一村38号1单元8-3北侧次卧室，起火点位于北侧卧室南侧床头处，起火原因为李黎卧床吸烟，燃着的烟头引燃床上可燃物蔓延成灾。发生火灾后，初起火灾未能得到有效的控制，起火时间为凌晨，死者李黎因饮酒过多未意识到火灾发生，在火灾蔓延后无法逃生，吸入浓烟导致死亡。,0
江巴孜乡艾格铁热克村4组053号“6·24”一般火灾事故调查报告,1,0,22.24115,火灾原因无法排除用电器具及电器线路故障引起，现场勘验发现客厅东南角墙面有明显“V”形痕迹，该处放置2台二手冰箱，地面有金属导线及插座金属簧片。造成灾害的成因一是起火住宅的建筑材质为砖木结构，家中多易燃可燃装修材料，火势迅速扩大蔓延；二是群众安全意识不强，发生火灾后未能第一时间报警扑救；三是当事人身体瘫痪，缺乏自主逃生能力，发生火灾时独自在家，对特殊群体关注管理不到位。,0
江汉区花楼水塔街道江汉路35号、37号“12.16”一般火灾事故调查报告,1,0,141.461539,直接原因：6号房间（死者胡小牛房间）西南角转椅处遗留火种（烟头）引燃周围可燃物，随后引燃屋内堆放的废旧书籍、杂物、纸箱等可燃物，火势沿木质油毛毡闷顶迅速蔓延。灾害成因：1.房屋耐火等级低，江汉路35、37号均为砖木结构建筑，耐火极限不足，火势在短时间内迅速蔓延。2.防火间距不足，江汉路35号、37号两栋建筑贴邻而建，热辐射和飞火引燃相邻建筑导致火灾范围扩大。3.住户擅自改变房屋结构，搭建夹层，分隔转租，造成火灾荷载增大、火势扩大蔓延。4.居民消防安全意识薄弱，存在留存大量可燃杂物、占用通道楼梯、电线私接乱拉、乱扔烟头等不安全生活习惯。,0
汶上县郭楼镇 “9?05” 乡镇秸秆颗粒燃料厂火灾事故调查报告,0,0,8.8,直接原因为员工张强违规在车间内进行电焊作业，未清理周边易燃秸秆粉尘及原料，电焊火花引燃粉尘堆，初期灭火不彻底导致残留火星复燃并引燃大量秸秆原料。间接原因包括：燃料厂违法违规运营，具体表现为未办理营业执照及消防备案，擅自开展加工，使用非标电气设备及私拉线路，未建立设备维护制度，未禁止车间内明火作业，易燃粉尘长期堆积未清理，消防通道被占用；人员安全意识缺失，工人未接受消防安全培训，不清楚粉尘燃爆特性及电焊作业安全规范，开展电焊作业时未采取防火隔离措施，初期灭火不彻底；基层监管缺位，郭楼镇政府未将该燃料厂纳入排查范围，县农业农村局未查处无照经营行为，县应急管理局未开展乡镇秸秆加工企业安全专项检查。,0
沈阳市苏家屯区有禾稻草加工厂“4·23”一般火灾事故调查报告,0,0,15,角磨机操作工人李某民消防安全意识淡薄，在未清理铡草机附近杂草、也未采取任何防护措施的情况下用角磨机打磨刀片，产生火花引燃铡草机附近杂草造成火灾。沈阳市苏家屯区有禾稻草加工厂未落实企业主体责任，未对工人进行消防安全教育培训，草场附近未配备消防设备、设施，且大量存储稻草。十里河村村委会对沈阳市苏家屯区有禾稻草加工厂存在的消防安全隐患没有引起重视，村级网格员工作职责不明晰，没有隐患排查治理清单和台账，该隐患长期存在未进行整治，也未上报街道办事处，没有形成闭环管理。,0
沙依巴克区骑马山街道阳光恒昌物业服务股份有限公司“11·20”一般火灾事故调查报告,1,0,81.6484,直接原因：位于恒昌恒业花园小区西区3号门卫室靠西北侧电暖器表面覆盖被褥、衣物等可燃物，导致覆盖物蓄热引起火蔓延成灾。间接原因：新疆格莱乐保洁服务有限公司派遣到阳光恒昌物业服务股份有限公司恒昌恒业花园小区物业从事保安工作的员工陆俊（死者）夜间值班时，擅自带躺椅在值班岗位睡岗，个人违反单位的安全生产管理制度、劳动纪律、岗位职责，安全意识淡薄，危险辨识能力差，火灾发生后不能自救。,0
沙坪坝街道思源村6号“2·6” 火灾事故调查报告,1,0,6.3,直接原因：此次火灾起火部位位于沙坪坝区思源村6号16-4住户东侧卧室内，起火点位于东侧卧室距南墙1.7米、距西墙1.8米处附近，起火原因为电气线路故障引燃周边可燃物引发火灾。间接原因：1.室内火灾隐患突出。室内部分电线未穿管敷设，电器设施老旧，加之衣物、棉被等可燃物多。发生火灾后，卧室内温度急剧升高，迅速形成整体燃烧。2.老人疏散逃生困难。死者因病行动不便，逃生能力差，加之夜间无人同室陪护，发现火灾后未第一时间施救逃生，最终造成人员伤亡。3.消防安全管理存在薄弱环节。物业管理单位（重庆嘉汇物业管理有限公司）未履行防火巡查、设施维护等职能，存在消防设施未保持完好有效，火灾初期无人处置等问题。4.消防车道占用堵塞。思源村小区所在位置进出道路狭窄，加之春节期间大量车辆违规停放，占用堵塞消防通道，消防车辆通行困难。,0
沙尔宗乡“3.27”火灾事故,0,0,34.4879,火灾的直接原因是由于沙尔宗乡克莎街村民黄英住宅二楼室内电气线路短路，产生火花引燃周围可燃物所致。间接原因是周边现有房屋大多建于上世纪60 年代，房屋陈旧，地板、屋顶都为木质结构，且房间内大量采用胶合板等材料作为墙面，耐火等级低。加之家庭电气线路使用年久，老化现象突出，火灾隐患严重。此外，火灾发生时由于大风的鼓动，火借风势加速向毗邻的房屋蔓延，也加重了灾情严重程度。,0
沙溪镇联合村委会西伙山村15号万顺宝户“2·21”民房火灾事故调查报告,1,0,7.5696,起火原因系万顺宝卧床吸烟引燃周围可燃物蔓延扩大成灾。事故主要由当事村民用火用电防范意识差引发。此外，火灾建筑为土木结构、年代久远，农村柴草堆放混乱，村民防火意识淡薄，老年人生活习惯混乱等也是导致悲剧的因素。调查中也反映出沙溪镇人民政府村一级对本村重点人群日常消防宣传不到位。,0
河南三门峡河南大有能源股份有限公司耿村煤矿5 · 9较大火灾事故调查报告,5,0,1483.26,"直接原因：该矿开采的煤层为自燃煤层，13采区中部水仓泵房回风联络巷调节风窗周边破碎煤体自燃，火势发展至13采区回风下山，引燃巷道内的木背板和破碎煤体，并沿回风侧迅速蔓延，形成较大火风压，导致风流逆转和紊乱，高温烟气和高浓度CO阻断逃生通道，造成5名人员死亡。
间接原因及暴露出的问题：1.耿村煤矿：风险研判不全面；隐患排查治理不深入；安全监控系统有缺陷；应急处置工作不力；火灾防治技术管理存在漏洞；事故上报不及时。2.大有能源：责任落实不到位；技术管理不到位。3.义煤公司：安全发展理念不牢；安全管理不到位。",1
河源市源城区东埔街道“4·9”一般火灾事故调查报告,2,0,7.99193,直接原因：2号电动自行车（车主欧阳明）锂电池热失控引燃周围可燃物引发火灾。间接原因：1. 业主消防安全责任未落实，包括建筑疏散门设置不当，未设置室外电动车停放充电场所、烟感报警器、简易喷淋等消防设施，以及房东与租户未明确消防安全责任。2. 街道及社区对辖区内出租屋、电动车、电动自行车停放及充电消防安全监管不力，存在漏洞和死角，对出租屋、自建房底数不清，消防安全宣传不到位。3. 河源市萌骑商贸有限公司销售未达国家标准的电动自行车，并进行改装，导致改装后电池电压与原车标准不符，增加了火灾风险。,0
泉州博量贸易有限公司“2024.5.14”火灾事故调查报告,1,0,0,起火原因不能排除电气故障打火引燃周边可燃物。灾害成因包括：泉州博量贸易有限公司消防安全主体责任落实不到位，仓库内电气线路敷设不规范，货物堆积不当，未制定灭火疏散预案，员工不熟悉安全出口且疏散通道阻塞；一厂多租导致消防安全责任不明确，业主与租户未明确管理职责，未定期检查公共消防设施；起火建筑未按技术规范设计施工，未办理消防审核、验收手续，存在未配置火灾自动报警系统、自动喷水灭火系统等先天隐患；员工消防安全意识淡薄，未及时发现和报告火情，也未第一时间组织初期扑救和疏散；属地政府（百崎回族乡人民政府、后海村村委会）组织监管不到位，未全面排查整治，消防宣传教育培训薄弱。,0
泸州市叙永县江门镇光照村 “5?15” 小型藤编工艺品厂火灾事故调查报告,0,0,8.6,技术检测发现，裁剪机电机电源线为非标产品，长期超负荷运行导致接头处绝缘层老化破损，发生短路打火，引燃周边藤条碎屑及藤材，引发火灾。运营管理混乱：周敏未定期维护编织设备线路，设备长期超负荷运行；藤条碎屑未及时清理，堆积在设备周边，与电气设备未保持安全距离，未配备有效消防设施。基层监管缺失：江门镇光照村村委会未将藤编工艺品厂纳入“散乱污”场所排查；镇市场监督管理所未查处其无照经营行为。安全意识不足：周敏未接受消防安全培训，不清楚藤类可燃物的易燃特性，初期灭火处置不当。,0
泸州市合江县九支镇盘龙村 “2?20” 小型家具喷漆房火灾事故调查报告,0,0,8.8,直接原因：空气压缩机电源线因长期超负荷运行，接头处出现过热熔化，引燃地面油漆滴落物，进而蔓延至原料区油漆桶，引发火灾。间接原因及成因分析：作业管理混乱，经营者张伟未办理动火作业手续，喷漆房内使用非防爆电气设备；油漆原料未单独隔离存放，与电气设备未保持安全距离；未配备消防设施。基层监管缺失，村委会未将喷漆房纳入排查；镇市场监督管理所未查处其无照经营行为。安全意识不足，张伟未取得喷漆作业资格证，未接受消防安全培训，不清楚油漆易燃特性，初期灭火未优先隔离油漆原料，存在爆炸风险。,0
泸溪县合水镇合水社区“12·2” 火灾事故调查报告,3,0,16.2,直接原因为：李胜X住宅一层堂屋东侧火坑内余火引燃周围可燃物引发火灾。间接原因为：1、房屋结构不合理导致火灾迅速蔓延和人员伤亡，表现为防火分隔不到位、高温烟气聚集、火灾荷载大且燃烧产生大量有毒浓烟。2、群众消防安全意识薄弱导致自防自救能力差，受困人员（留守老人和儿童）缺乏自救逃生常识和基本消防器材。3、乡镇消防基础建设不到位导致火灾扑救能力不足，兼职消防队日常管理不规范、训练不经常。,1
洋河南镇三台子村三台子小学卫生室“5·17”火灾事故调查报告,1,0,0,直接原因系死者田某某使用煤炉时炉膛内炉灰掉落引燃周围可燃物引发此次火灾。间接原因包括：死者田某某精神不稳定，疏散逃生意识差；洋河南镇三台子村村委会消防安全职责落实不到位，未建立并落实对无人抚养、赡养或者监护的孤儿、老年人、残疾人和精神病人等重点人员的消防安全登记、救助制度；洋河南镇三台子村相关负责人及网格员每日防火巡查不到位，“网格化”管理工作制度没有很好落实、“小火亡人”措施等消防安全责任制度流于形式；教体局未及时摸排闲置学校的房屋使用情况；无同步规划建设消防水源，扑救初期阶段火灾能力差。,0
济宁市汶上县郭楼镇 “9?05” 乡镇秸秆颗粒燃料厂火灾事故调查报告,0,0,8.8,火灾直接原因为员工张强违规在车间内进行电焊作业，未清理周边易燃秸秆粉尘及原料，电焊火花引燃粉尘，且初期灭火不彻底导致火势复燃蔓延。灾害成因（间接原因）包括燃料厂违法违规运营（无营业执照及消防备案、擅自加工、使用非标电气设备、私拉线路、未建立设备维护制度、未禁止明火作业、易燃粉尘长期堆积、消防通道被占用），人员安全意识缺失（工人未接受消防安全培训、不清楚粉尘燃爆特性及电焊作业安全规范、未采取防火隔离措施），以及基层监管缺位（郭楼镇政府、县农业农村局、县应急管理局未有效履行监管职责）。,0
浙江嘉兴“4·21”较大电动自行车火灾事故调查报告,5,2,0,直接原因系嘉善县魏塘街道魏中村南桥新村333号村民自建房102房间北侧室外电动自行车停充电点处，一辆锂电池电动自行车发生锂电池热失控，喷射起火后蔓延所致。火灾蔓延扩大原因包括电动自行车停放密集、火灾荷载大；电动自行车与建筑门窗洞口邻近，防火分隔不到位；搭建雨篷蓄烟作用明显，烟气向内逸散迅速。造成人员伤亡的主要原因是燃烧产生大量高温有毒烟气以及人员逃生自救能力薄弱。间接原因主要有：房屋出租人袁志根消防安全意识淡薄，未履行出租人责任，违规私自搭建雨篷，未及时消除火灾隐患，且超面积建造房屋用于出租；嘉善县魏塘街道办事处和魏塘街道魏中村村委会未严格按照相关规定组织指导居住出租房整治验收工作，消防安全隐患排查和整治不彻底，对村民自建房审批管理和违章搭建管控督查不力，未组织开展逃生演练；魏塘派出所组织开展出租房消防安全检查、宣传教育不力，未将符合标准的出租房纳入列管单位监管，导致消防监管存在漏洞，且承租户消防安全意识和自救逃生技能不足。,1
海珠区“5.14”较大火灾事故调查报告,3,3,36.2,起火原因系海珠区江南中街天喜里12号第二层客厅西南角空调电源线插头与墙面固定插座接触不良打火引燃周边可燃物所致。间接原因包括：原业主崔某擅自变动建筑主体和承重结构，增加楼面及火灾荷载，未告知受让人；室内装修人员张某、张某某违规施工，选用不符合市场准入的电气产品，未按规范要求分路配电、设置接地保护和紧固线路导体连接，为电气故障埋下隐患；该居民楼属于违章建筑，增加了火灾荷载；江南中街道在施工备案和日常巡查监管中存在疏漏，未能及时发现和查处违法扩建行为；区房屋行政主管部门未组织业务培训，导致街道经办人员对登记检查工作程序不熟悉；社区微型消防站管理不到位，未落实24小时值班备战制度和日常训练，未能及时到场处置。,1
淮南市凤台县“2020?5?28”较大火灾事故调查报告,5,0,165.3,直接原因：该建筑物一层最东侧房间北部隔间（4 号房屋）插头故障引燃周围可燃物蔓延造成火灾。间接原因：1.事故建筑房主违规将原建筑进行扩建改造，改造时将原有室外疏散楼梯改为室内敞开式楼梯间，且未采用封闭楼梯间；建筑外窗设置户外广告牌，影响逃生和救援；店内消防安全措施不符合消防安全技术要求，事故场所人员违反有关规定在店内居住。2.地方政府及其有关部门消防安全监管不到位。凤台县公安局尚塘镇派出所履行日常消防安全监督检查职责不力。尚塘镇人民政府指导督促辖区村委会及有关部门开展辖区内的消防安全隐患排查治理和宣传教育工作不力。,1
深圳市龙岗区景华花园小区“01·15”火灾事故调查报告,5,12,720,直接原因：违规在室内为电动车充电导致爆燃。间接原因：物业未严格禁止电动车入户充电；消防设施老化，部分失效；居民缺乏逃生常识。,1
清流县“8·4”较大火灾事故调查报告,3,0,2,起火部位位于清流县嵩溪镇嵩溪村时州新村3号民房2层东面中间卧室床铺以西、靠南墙面积约1平方米区域内；起火点位于床铺东侧床头柜台面；起火原因可以排除雷击、放火、自燃、遗留火种、生活用火引发火灾的可能性，不能排除电气故障、小孩玩火引发火灾的可能性。间接原因：嵩溪村委会消防安全制度不健全，仅村委会书记一人担任消防安全网格管理员，未按要求划分消防安全网格化管理责任区，明确网格管理人员及其工作职责；在组织开展群众性自防自救工作方面还存有不足。清流县嵩溪镇政府在督促指导嵩溪村委会落实消防安全网格化管理、宣传消防安全教育、提升群众消防安全意识和自防自救方面还存在不足。清流县消防大队督促指导乡镇（街道）落实村（居）委员会在消防安全网格化管理、提升群众消防安全意识和自防自救方面还有不足。,1
清远市连南瑶族自治县三江镇“4.4”森林火灾调查报告,0,0,0,起火原因为扫墓失火导致发生森林火灾。火灾直接原因系黄某扫墓失火导致，间接原因系属地镇村森林防灭火工作责任落实不到位。,0
清远市连南瑶族自治县香坪镇“4.5”森林火灾调查报告,0,0,0,火灾直接原因系李某开荒烧杂失火导致，间接原因系属地镇村森林防灭火工作责任落实不到位、野外火源管控不到位、森林火灾安全隐患排查治理不到位以及森林防灭火法律法规宣传不到位。,0
清镇市四季贵州椿棠府一期12栋601号“10.3”林之胜住宅火灾事故调查报告,1,0,20.885,直接原因为清镇市四季贵州椿棠府一期12栋601号林之胜住宅客厅距沙发背景墙正西侧0.5米、距电视背景墙正东侧3.45米、距阳台正南侧4.05米处电线短路引燃沙发所致。间接原因及责任认定包括：滨湖街道办事处落实消防安全属地管理职责不力，对辖区火灾形势分析不全面，住宅小区检查力度不够，消防宣传教育不强；清州社区居委会消防安全责任不紧不实，群众性消防工作开展不到位，宣传教育流于形式；广东瑞祥保安服务有限公司未按照协议规定落实消防安全主体责任，消防控制室值班人员未经过专业培训且未持证上岗；贵州源安消防工程有限公司未按国家标准、行业标准开展消防技术服务活动，未对清镇市四季贵州椿棠府一期小区的气体灭火系统项目进行维保。,0
渭南市临渭区海兴城房屋“5·16”火灾事故调查报告,1,0,0,直接原因为手机充电使用过程中漏电故障导致内燃引燃可燃物蔓延成灾。火灾发展蔓延及人员死亡原因包括：设备存在隐患故障（起火手机曾维修，充电时会发烫，使用非原装充电器并多次更换充电器、充电线），自救逃生能力较弱（死者姚某系月子期，身体虚弱，有低血压，一人在主卧休息，同住的苏某某年老体弱，姚某儿子刚满月均无施救能力），安全意识不足（姚某存在违规用电行为，有在床上充电时使用手机的习惯，手机、插线板、充电器长期放置于床上不利于散热，非原装充电器降低手机电池质量），以及主卧可燃物较多（有衣柜、床头柜、床、梳妆台，床上有被褥、抱枕、衣物等，燃烧时产生大量有毒有害烟气）。姚某系生前左手触电后，在火灾现场因一氧化碳中毒并导致死亡。综合认定为居民缺失自救逃生能力，卧床使用手机充电期间机器故障导致起火造成的一起亡人火灾事故。,0
湛江市坡头区官渡镇“10.31”较大火灾事故调查报告,4,0,41.3,直接原因：黄旭才住宅楼一楼的东侧货架上方距北门墙垛内侧1.3 米至3.3 米范围内的电气线路故障引燃货架上可燃物导致火灾，故障电线发生过明显的一次短路和二次短路。间接原因：1、黄旭才住宅楼设置五金店未按规范进行防火防烟分隔，五金店内堆放大量可燃物商品，如油漆、塑料制品、PVC 管件等，致使起火后产生大量有毒浓烟，毒烟迅速蔓延至南侧住宅楼，造成人员窒息而亡。2、人员逃生自救意识能力不强，对火灾危险性认识不足，逃生方法和路径选择失误。3、住宅楼设置防盗网，阻碍人员逃生，三楼北侧卧室外窗设置防盗网，未开设逃生窗，致使火灾发生后三楼人员无法通过窗户疏散到二楼户外平台，只能通过南面楼梯逃生，缺少安全逃生通道。4、基层各职能部门在近年来开展的各项消防专项活动中，监督、检查、整治不到位，存在以文件传文件、走过场问题；基层负责消防检查的工作人员存在消防知识水平不高，网格化管理落实不力，未能发现经营场所与住宅楼未物理分隔的问题，导致遗留隐患酿成事故。,1
湛江市霞山区东新街道何某红住宅楼“1·25”较大火灾事故调查报告,4,0,6.8346,起火原因为丁某宇使用打火机点燃东新花园 E3 栋 8 号住宅楼入户楼梯 1 层至 2 层转角楼梯中间平台堆放的杂物引起火灾。主要致灾原因为：当事人丁某宇缺乏消防安全意识，主动点燃杂物；起火建筑入户楼梯 1 层至 2 层转角楼梯中间平台堆放大量可燃物，导致火势猛烈并产生大量有毒高温浓烟，沿楼梯迅速向上蔓延；死亡人员逃生路线选择错误，盲目向下逃生，导致吸入大量有毒高温烟气。,1
湛江徐闻电泵维修店“2·4”火灾事故调查报告,2,4,172,事故直接原因是李某洪电泵维修店内用于电动喷雾器的 18650 锂电池组热失控爆炸起火，散落起火的电池引燃周边可燃物品蔓延成灾。事故造成多人伤亡的主要成因包括：涉事房主超范围经营；经营场所与住宅区域未按规范进行防火防烟分隔，导致有毒烟气迅速蔓延至楼上居住区域，造成人员被困无法逃生；起火建筑二层以上外窗均设置防盗网，且未有效开设逃生窗，阻碍人员逃生；维修店内堆放过多可燃物商品，致使起火后产生大量高温有毒烟气封堵逃生通道并导致人员伤亡；报警时间不及时，错失了救援的最佳时机；火灾发生时人员处于熟睡状态，未第一时间发现起火，影响逃生。此外，火灾隐患长期存在，属地有关部门专业监管和行业管理失职缺位，地方党委政府安全领导责任落实不到位。徐闻县西连镇李某洪电泵维修店未建立安全生产管理制度，未开展隐患排查，未依法履行安全生产和消防安全主体责任。徐闻县市场监督管理局西连市场监督管理所日常检查流于形式，未将存在锂电子电池的店铺纳入消防安全检查范围，存在监管不到位问题。,0
潍坊华诚改性塑料有限公司“7.1”火灾事故调查报告,0,0,50,直接原因为：潍坊华诚改性塑料有限公司废料库内造粒机运行时温度较高，引燃了附近堆积的可燃废料。间接原因为：1. 企业安全生产主体责任不落实，具体表现为安全教育培训不到位、隐患排查治理不到位、应急管理工作不到位。2. 有关部门履行安全监管职责不到位，具体表现为工业发展区作为属地监管部门督促企业落实安全生产主体责任不到位，以及区公安分局眉村派出所作为消防安全监管单位对消防安全隐患督促整改不到位。,0
潍坊寿光市龙源食品有限公司“11.16”重大火灾事故调查报告,18,13,2666.2,直接原因：龙源公司厂房非法建设，北厂区制冷系统供电线路敷设不规范、系统超负荷运转、线路老化，致使8号恒温库内冷风机供电线路接头处过热短路，引燃墙面聚氨酯泡沫保温材料，火势迅速蔓延。火势迅速蔓延的主要原因是恒温库和厂房大量使用低燃点、高燃烧速度的聚氨酯泡沫保温材料和聚苯乙烯夹芯板，顶层为可燃苇簸，车间吊顶为可燃PVC，车间内有大量包装纸箱，且整个车间连通。造成重大人员伤亡的主要原因：火灾产生高温有毒烟气；事故车间为非法建设，逃生通道不符合规定，人员无法及时逃生；公司未进行安全培训和应急疏散演练，员工缺乏逃生自救能力。间接原因：1. 龙源公司安全生产主体责任不落实，表现为厂房非法建设、存在严重消防安全隐患（疏散通道不符、电气线路老化、大量使用非阻燃材料、可燃物多）、安全管理混乱、消防安全意识淡薄。2. 公安消防部门履行消防监督管理职责不力，各级消防部门在监管、检查、督促整改、指导培训方面均存在不到位。3. 负有安全生产监管职责部门履行安全生产监管职责不到位，农业局、安监所、安监局均未尽到行业和属地监管职责。4. 国土、建设部门对违法占地和违法建设监管不力，国土局、住建局、村委对违法建设和占地失察或查处不力。5. 地方政府安全生产监管职责落实不力，化龙镇政府和寿光市政府重经济发展轻安全生产，安全责任制落实不到位，隐患排查不彻底，潍坊市政府督促指导不力。,2
潮安区“4·30”一般火灾事故的调查报告,2,0,10.8,直接原因是操作人员在生产过程中违反安全生产操作导致可燃油性液体渗漏至锅炉间北侧地面，受锅炉间高温环境影响形成蒸汽，遇蒸汽发生器与烟道焊接处泄漏高温尾气发生燃烧，继而引燃其他可燃物蔓延成灾。事故主要原因是该厂存在“三合一”情况，仓库、员工集体宿舍、办公室在厂区内混合设置，起火后造成员工在二楼集体宿舍一氧化碳中毒死亡。间接原因是广源食品有限公司安全生产主体责任落实不到位，包括未制订并落实各项消防安全制度和操作规程、未开展员工消防安全教育培训、现场建筑结构和生产车间使用易燃可燃材料搭建、存在严重“三合一”现象以及用工不规范。此外，庵埠镇人民政府、庵埠派出所、庵埠市监所、庵埠镇综合治理服务中心、官路村民委员会等部门和单位在履行消防工作职责方面存在不到位的情况，包括消防排查整治不够深入、宣传教育不足、监管不力等。,0
潮州市枫溪区詹厝村“11·13”较大火灾事故调查报告,3,0,9.9428,火灾直接原因为经营者张展盛在其个人经营的摩托车、电动自行车销售维修门店大门中部给自用电动自行车自购锂电池充电过程中热失控起火，引燃周边维修配件等可燃物蔓延成灾。火灾蔓延扩大原因为起火建筑为单层瓦木结构，耐火等级低，内部搭建木质阁楼且无独立安全出口，窗户设铁窗柱，建筑内堆放大量易燃可燃物品；场所内消防设施不足，被困人员应急逃生自救能力薄弱；詹厝村微型消防站未能及时出动处置初起火灾。事故存在的问题包括：经营者张展盛消防安全意识淡薄，存在“三合一”违规住人、在经营场所内为自购锂电池充电且人走未断电、经营业务未备案、未与房东签订安全管理协定等问题；房东詹映明未履行提醒监督责任，安全生产和消防安全责任不落实；枫溪区委、区管委会及相关部门对消防安全职责监督检查不够深入细致，隐患排查整治不彻底，消防安全监管存在漏洞，未有效履行牵头抓总职责及督促相关工作落实。,1
潮州市潮安区凤塘镇“11.16”较大火灾事故调查报告,5,0,0,直接原因为张某旭自建房首层东北角上方电源线短路，高温熔珠引燃周边可燃物蔓延成灾。间接原因包括：1. 村民自建房排查整治不细致，基层排查整治工作落实不到位，未能发现该自建住宅存在的消防安全隐患问题，并未有效督促落实整改。起火住宅通道、走廊、阳台堆放大量可燃杂物，增加了火灾荷载；第二层、第三层房间外窗均设置有防盗网，且未开设紧急逃生口，严重影响逃生和灭火救援；住宅内没有配备灭火器、简易防毒面具等基本的灭火逃生器材。2. 消防宣传“五进”不深入，镇（村）未能有效落实消防安全宣传“进农村”“进家庭”等工作，村民消防安全意识薄弱、逃生自救能力不足。3. 基层救援力量建设不到位，凤塘镇政府专职消防队未按照一级乡镇专职消防队标准建设，人员、装备、器材等应急响应、救援能力存在量少质弱、作用发挥不够问题；湖美村微型消防站在此次火灾扑救中未出动，村微型消防站装备器材缺配、人员配备不足，队员履职缺失。,1
潮州市潮安区庵埠镇“12·16”火灾事故调查报告,4,1,11.55,"直接原因：起火住宅第二层客厅电视柜东南角距南墙0.7米，距东墙1.15米约一平方米范围内电气线路短路引燃周边可燃物蔓延导致火灾发生。
间接原因：综合治理开展不深入，用户用电安全意识薄弱。2017年7月至2020年4月，省、市、县三级均部署了电气火灾综合治理行动，但庵埠镇、文里村等有关单位未能提供居民用电安全检查的详细台账，未落实上门入户宣传提醒，未能严查电气线路敷设不规范、未设短路保护装置、私拉乱接电线等问题，未能有效推动居民住宅发现和消除电气安全隐患；同时庵埠供电所在用电安全宣传提示方面不够深入。调查发现，该起火住宅内电线敷设不规范，采取铜丝代替保险丝；用户通过私拉电线从对面奇祖祠堂用户盗取用电，直接驳接火线从第二层入户使用，擅自采用连接户内自采水管作为零线的“造零”方式供电，进户处没有任何用电保护装置；室内电源插座均未发现有连接地线，电线使用年限较长、线径小，部分电线敷设杂乱无章，插座散落在电视机上面。电气线路短路后，故障线路未能被快速隔离，电气线路温度急剧上升，电线绝缘起火，引燃电视柜及周边可燃物引发火灾。
网格化排查整治不细致，住宅隐患叠加酿悲剧。庵埠镇、文里村未建立实体化消防网格化排查机制，未对消防网格员开展消防安全检查和消防宣传工作进行定质、定量管理，网格员对管理区域内住宅排查不深不细不到位，未逐家逐户实施“全覆盖”“无死角”的巡查检查，检查台账不清、不全、不细，有的检查发现不了问题，有的有检查无复查，督促整改隐患不到位，起火住宅火灾隐患长期叠加，遗患成灾。调查发现，起火建筑内部墙面、吊顶、楼梯门框等采用大量木质装修材料，电气线路没有套管保护直接敷设在可燃木质电视墙框处，并连接有电风扇、电视机及视频监控器等多种用电设备，该部位还放置有大量日常生活用品和塑料玩具等可燃物，电气线路短路起火后迅速被引燃，产生大量有毒烟气。第二层客厅电视柜的西侧上方有一通往天面的竖向天井，且天面处用玻璃封盖，火灾初期大量有毒烟热直接通过该竖向天井迅速蔓延扩散至第三层，短时间内造成第三层3人被困；当天面玻璃封盖受热破裂后形成“烟图效应”加速火势蔓延扩大。
消防宣传“五进”不到位，人员逃生自救能力弱。镇、村未能有效落实消防安全宣传“进农村”“进家庭”等工作，农村消防宣传未有组织体系、未有展示窗口、未有宣传册子，没有逐门逐户切实开展消防安全“敲门行动”、“打通生命通道”等专题宣传，未推广家庭住户储备应急物资和配备必要的烟感报警、灭火器材、逃生器具，没有深入开展村居民灭火和疏散逃生演练，村民消防安全意识薄弱、逃生自救能力不足。调查发现，起火住宅第二层、第三层有人员居住的房间外窗上均设置有防盗网，且未开设紧急逃生口，起火后导致屋内人员被困无法逃生自救；住宅内没有配备灭火器，简易防毒面具等基本的灭火逃生器材，无法第一时间实施自救和有效逃生；第三层3名被困人员所在房间内部在火灾中并未过火，但是门窗缝隙均未发现有湿衣物封堵的自救迹象；户主杨启云在发现火灾后第一时间得以逃生，但在没有做好充分自我安全保护措施的情况下，不顾群众劝阻再次返回火场，最终在第二层客厅处吸入有毒烟气导致死亡。
专职消防队伍建设不到位，灭火救援能力不足。庵埠镇政府专职消防队未按照一级乡镇专职消防队标准建设，仅7名队员分两班值班备勤，队伍力量严重不足且老龄化严重；队伍经费保障不规范不到位，未按标准配备空气呼吸器、两节拉梯、快速破拆工具等消防器材装备；专职消防队未针对辖区住宅火灾特点的深入研判分析并改进训练工作，日常训练还停留在打水带、出水枪等传统项目上，欠缺实施内攻、破拆救援等针对性技战术训练。通过复盘火灾扑救过程，庵埠镇政府专职消防队虽然先期到达火灾现场，但没能第一时间佩戴空气呼吸器深入火场实施救援，也未能通过架设拉梯从外墙窗户展开破拆救援，专职队员携带水枪内攻至第二层楼梯转角处后，因火势过大无法继续深入救援，只能原地出水控火，等待潮安区庵埠消防救援站到场处置。",1
潮州市饶平县三饶镇“4·15”较大火灾事故调查报告,3,0,0,事故的直接原因是，陈某个人自建房首层中部茶几东面铁架底部隔板上的电子设备（自用电器，非销售货物）内置的18650锂电池热失控自燃，引燃周边可燃物蔓延成灾。间接原因包括：经营性自建房房主没有落实安全管理主体责任，未按照有关要求设置防火分隔和配置消防设施，火灾风险隐患排查治理不深入不彻底；涉事房主陈某消防意识淡薄，五金零售与居住场所无有效防火分隔，楼梯未设置防火、防烟分隔，未配齐消防设施、器材，未落实安全管理主体责任和隐患整改主体责任。饶平县属地和有关监管部门存在隐患排查治理不彻底、消防宣传教育力度不足等问题。,1
牛圈子沟镇丽景华庭北区1号楼2单元204室“2023.4.10”亡人火灾事故调查报告,1,0,0.16815,火灾原因系闫桂芬卧床吸烟不慎，烟头引燃床上用品引发。事故暴露出的问题包括：起火住宅家中长期有患精神疾病且有卧床嗜烟习惯的老年人居住，经常无人照顾生活起居，发生火灾后自救能力差，行动不便；对重点人员消防安全登记、救助制度落实不到位；以及消防宣传工作开展不扎实。,0
王告村“2·12”森林火灾调查报告,0,0,3.0528,直接原因：经公安机关依法查明，2024年2月12日10时30分许，南岭镇王告村村民钟京传因在家祭祖时，将鞭炮在其房屋侧后燃放，燃放过程中引起山岭上（南岭镇王告村上王坑片山坳头山岭）的可燃物着火，造成森林火灾。间接原因：受天气因素影响，我县森林火险黄色预警生效中，容易引发森林火灾；该肇事者森林防火意识不强，屋后距离山脚较近、杂草干枯，其未事先做好防火措施，发生山火后，对处置山火的能力不强，从而导致森林火灾。,0
番禺区沙湾街古东村“8.6”火灾事故调查报告,2,0,0,直接原因：沙湾街古东村桥木坊三巷1号物料棚东部电源线路故障引燃周围可燃物导致火灾。间接原因：1.电气线路敷设不符合要求，物料棚采用木结构搭建，电气线路敷设在木梁木柱上，未采用金属导管和金属槽盒等布线方式，且发热元件直接安装在可燃物体上，未设置独立配电箱，未分路配电，线路未在接线盒内接驳，电源导线截面过小。2.建筑材料不符合要求，出租屋第二层采用泡沫夹芯彩钢板建造，易发生燃烧，产生大量浓烟。3.场所内存放大量易燃物品，物料棚存放油漆、万能胶、木材、板料等易燃可燃物品，火灾荷载大。4.居住场所和存储场所之间未保持安全间隔，出租屋与物料棚贴邻建设，竖向分隔失效。5.逃生通道和出口少，出租屋第二层唯一通道与物料棚贴邻，屋内所有外窗均设置防盗网且未开设逃生口。6.未配置消防设施器材，物料棚未配备消防用水设施和消防器材。,0
白云区石门街“10?15”一般火灾事故调查处理情况,0,0,675.0509,直接原因：强慧公司员工郭洁在C8栋27档中使用电饭煲煮食，该档口营业大厅中部靠东侧位置电源线路短路产生的高温熔珠引燃附近可燃物。间接原因：1. 强慧公司消防安全主体责任不落实，线路乱拉乱接，电线附近堆放可燃物及杂物，未规范安装漏电保护，未能对在档口内使用电饭煲煮食可能引发的严重后果引起足够重视，未对存在的消防隐患进行排查整改消除。2. 好又快公司消防安全责任不落实，消防安全管理混乱，日常消防安全检查不彻底，未能及时消除用电隐患及消防设施不完善等事故隐患。3. 八方物流公司出租场所消防安全管理责任不落实，未能对承租单位的消防安全工作统一协调、管理，未能及时发现并制止承租方存在的消防安全隐患。4. 相关监管单位（滘心村经济联社及其经济社）未有效落实消防安全监管责任，对所辖范围的消防隐患未能进行有效巡查、发现、报告，消防安全隐患排查力度不够。,0
百色市右江区太平街隆平巷79号民房“8.5”较大火灾事故调查报告,6,0,47.33,直接原因：停放在百色市右江区太平街隆平巷79号一层阁楼下由西往东第一辆电动自行车（车主：李兰燕）电池爆炸引燃周围可燃物引发火灾。间接原因：1. 房主未落实有关消防安全规定，消防安全意识不强，将电动自行车停放于一层大厅内，且未按规范落实防火分隔、配置消防设施和器材等防范措施。2. 政府及职能部门对辖区自建民房消防安全监管不力，具体包括：百城街道办事处在安全生产宣传教育和电动自行车火灾防范综合治理方面督促落实不力，排查整治和宣传教育工作记录不全；百色市公安局新兴派出所未按规定指导太平社区开展消防隐患排查和宣传教育工作；右江区百城街道太平社区居民委员会未制定居民防火公约，未严格按照部署开展电动自行车火灾防范综合治理工作，且未发现违规停放电动自行车充电行为；百色市右江区住房和城乡建设局在规划验收时对民房擅自加建一层的问题审核把关不严，未按规定督促整改。,1
眉山市洪雅县瓦屋山镇群贤村 “1?12” 小型木材切片厂火灾事故调查报告,0,0,9.3,火灾直接原因为切片机电机电源线（非标产品）长期超负荷运行导致接头处绝缘层老化破损，发生短路打火，引燃周边木屑及原木。间接原因包括经营者周强的设备管理疏漏（未定期检修设备线路、使用非标电源线、木屑未及时清理堆积在设备周边、与电气设备未保持安全距离、未配备消防设施）和安全意识薄弱（未接受消防安全培训、不了解木屑易燃特性及设备超负荷运行风险、初期灭火处置不当），以及基层监管缺位（村委会未将木材切片厂纳入排查、镇林业和草原局未开展专项安全检查、镇市场监督管理所未查处无照经营行为）。,0
石堤镇麻岔村民房“3·5”火灾事故调查报告,2,1,10.2858,起火原因为烤火炉过热引燃周边可燃物引发火灾。直接原因是监护人将儿童单独留在家中，且离开时未检查烤火炉安全状况。间接原因包括未成年人逃生自救能力不足，成年人盲目救援造成人员受伤，着火建筑为木质结构存在耐火缺陷，以及农村道路狭窄导致消防通行困难延缓了救援处置时间。,0
石壁街石壁三村“3·10”民宅火灾事故调查报告,1,0,13.23,电动自行车锂电池故障引燃周边可燃物引发火灾。此外，民房内的楼梯为敞开式，排烟窗处于关闭状态，通天面的楼梯间天窗被石棉瓦封堵，导致烟气极易蔓延、积蓄，无法排出。居民缺乏自救逃生常识，导致在向二层逃生过程中吸入大量烟气而窒息死亡。,0
石家庄市无极县天泽鑫珍珠棉厂“11.12”较大爆炸事故调查报告,8,1,609.5817,直接原因：天泽鑫珍珠棉厂在车间门窗关闭、通风条件差的环境中进行生产，溢出的丁烷气体和产品中缓释的丁烷气体无法及时排散，在车间内局部大量积聚，与空气形成爆炸性混合气体，达到爆炸极限，遇关闭电气设备时产生的电火花发生爆炸。间接原因：1.企业存在主要问题：天泽鑫珍珠棉厂未落实安全生产主体责任，不执行重污染天气停产指令，在规定停产期间一直违规组织生产；对丁烷气体发生燃爆的风险辨识不到位，未结合珍珠棉的生产实际建立相应的安全管理制度；车间内除丁烷、单甘脂加压泵电机为防爆型外，其它电气设备均为非防爆型，使用过程中产生的电火花遇到可燃气体会引发事故；未组织开展职工安全教育培训；使用砖混结构厂房进行生产，在爆炸中迅速倒塌致使事故扩大。2.地方党委政府（组织）和有关部门主要问题：（1）史村党支部、村委会。,1
石柱县下路街道宏达路安山街22附9号 “8.14” 火灾事故调查报告,1,0,0.9,起火部位位于住宅客厅北侧沙发处，起火原因系生活用火不慎引燃周围可燃物所致，具体为智力存在问题的谭正生吸烟不慎引起沙发燃烧。造成人员伤亡的原因是死者谭正生智力存在问题，不具备自我逃生能力。,0
福州市晋安区新店镇赤星路51号西庄小区12.2火灾事故调查报告,3,0,10.4156,事故的直接原因是西庄小区12号楼2梯一层门厅东侧的4号电动自行车锂离子电池故障热失控引发起火，引燃周边电动自行车，燃烧产生的火焰和高温有毒有害烟气快速向楼梯间蔓延，造成人员死亡。此外，事故暴露出电动自行车违规改装使用超标锂离子电池，涉事人员将电动自行车违规停放于住宅公共门厅，以及电动自行车违规改装隐蔽性大、违规停放现象多，执法查处力度不足，市场监督管理部门、物业管理单位、辖区政府和监管部门等责任落实不到位，整治工作方式单一等问题。,1
福建邦特鞋服有限公司“2024·6·26”火灾事故调查报告,0,0,180,起火原因不排除电气线路故障引燃仓库可燃物引发火灾。灾害成因包括：福建邦特鞋服有限公司对消防安全主体责任落实不到位，消防安全管理不规范，具体表现为消防安全制度形同虚设、企业消防设施配备不足（如室内消火栓设置数量不足，未设置自动喷水灭火系统和火灾自动报警系统）、疏散楼梯设置不规范（未设置封闭楼梯间且时有堵塞占用现象）、防火分区与防火分隔不规范、货物未按规范堆放（堆垛体积过大，未与电气线路保持有效安全距离，部分电气线路私拉乱接未套管保护）、存在违章搭盖。此外，美林街道办事处玉叶村委员会未认真落实消防安全网格化管理工作，美林街道办事处督促、指导玉叶村委员会履行消防工作职责不力，未能及时发现并督促整改上述消防安全隐患。,0
福海街道办事处船房社区“12-02” 较大火灾事故调查报告,9,2,13.17,"直接原因：电动自行车蓄电池连接线与蓄电池固定压条压合部位漏电并产生高温，导致电动自行车燃烧，引燃船房社区新农村居民小组附84号101室内的可燃物质，火灾蔓延至楼道和部分房间，造成人员伤亡，是此次事故发生的直接原因。
间接原因：1．附84号居民楼内电动自行车停放和充电行为存在失管漏查，对电动自行车停放易引发火灾的危险性没有采取有效措施进行防范。
2.船房社区电动自行车停放和充电基础设施建设滞后。现有电动自行车集中停放点不能满足社区电动车停放和充电需求，导致电动自行车大量停放在居民楼内。
3.电动自行车维修监督管理不力。事发电动自行车蓄电池电压超过《电动自行车通用技术条件》（GB17761-1999）规定的电动自行车电压等级，蓄电池连接线被蓄电池固定压条压覆，对可能造成电气线路故障并引起电动自行车燃烧的危险性没有采取技术措施进行防范。
4.居民住房监督管理不力。附84号居民楼楼顶违规建房的行为没有得到及时整治。对居民楼用作村民自己居住以外的其他用途的行为没有进行有效的规划和指导，火灾治理措施针对性不强。
5.消防安全意识薄弱。附84号居民楼101室内、楼道上堆放的木床、床垫等可燃物质，导致电动自行车起火后火灾蔓延、灾害扩大。火灾隐患长期存在，没有得到及时处置和治理，火灾隐患排查治理不力。
6.自救逃生知识缺乏。火灾发生后，附84号居民楼没有通达楼顶的畅通逃生通道，不科学的逃生方式导致人员伤亡扩大。消防宣传、教育、演练、训练没有切合实际组织开展，社会火灾防控和消防应急逃生知识宣传普及重形式、轻效果。
7.安全发展理念树立不牢固。以人为本的安全生产红线意识没有牢固树立，区域性火灾风险防控判研不透彻，采取的措施不够坚强有力，督促落实上差距明显，没有切实触动社区、居民小组、社区居民进行彻底整改存在的火灾隐患。",1
秀山县中和街道东风路“3·1”火灾事故 调查报告,2,0,5.07,直接原因：根据调查询问、现场勘查、检验鉴定，查明此次起火部位位于中和街道东风路134号地税局宿舍二单元2-1吴刚住宅客厅西南侧，起火点为吴刚住宅客厅沙发南侧处，起火原因为烤火桶线路故障引燃周边可燃物引发火灾。间接原因：居民消防安全意识及逃生自救能力弱。根据现场勘查，起火住宅客厅内开设有逃生通道和阳台，主卧对面即是房间通道，火灾发生后，死者盲目的选择向浓烟聚集的对面房间处逃生，未采取正确有效的自救措施，未选择合适的逃生路线。同时其中1人逃脱至阳台处，未第一时间拨打报警电话。,0
秀山县中和街道教师小区“3·25” 火灾事故调查报告,1,1,27.316,此次火灾起火原因为电烤火桶内遮盖物长时间与加热石英管接触，受到高温作用引发火灾。事故的间接原因包括：起火建筑室内消火栓系统内无水；火灾发生时小区无物业管理；附近道路因工程施工封闭导致消防救援车辆绕道延迟50秒到达现场，且施工方未及时办理延期审批手续，施工现场封闭管理不当，缺乏应急车辆通行标识；中和街道办事处和凤凰社区未严格履行消防工作职责，检查不深入，未及时发现和处理火灾隐患，且对报告的问题未及时处理。,0
秀山土家族苗族自治县中和街道裕康家园小区“1·3”火灾事故调查报告,1,0,3.3475,此次起火部位位于秀山县中和街道裕康家园小区4栋6单元102住宅厨房内，起火点为裕康家园小区4栋6单元102住宅厨房燃气灶位置，起火原因为用火不慎引发火灾。,0
简阳市平泉街道新桥村 “5?02” 农资仓库火灾事故调查报告,0,0,23.8,直接原因为农资仓库内私拉乱接的非国标电线接头处氧化腐蚀产生电弧打火，同时排风扇电机老化产生异常高温，双重作用下引燃周边有机溶剂型农药挥发的蒸汽。深层次原因包括：仓库安全管理混乱，经营者周明违规运营，未办理消防审批手续，农药与其他物品混放，未配备消防设施，且未对电气设备定期维护；基层监管存在漏洞，村、镇两级监管流于形式，未将仓库纳入排查范围，部门协同不足；经营者安全意识淡薄，未接受专业培训，应急处置能力差。,0
紫水乡紫水街210附21号“5·30”火灾事故调查报告,1,0,0.8,起火原因为使用蚊香不慎引燃周边可燃物引发火灾。间接原因为居民消防安全意识薄弱，死者用火不慎，导致引发火灾致人死亡，未做到安全用火。,0
紫金县南岭镇王告村“2·12”森林火灾调查报告,0,0,3.0528,直接原因：经公安机关依法查明，2024年2月12日10时30分许，南岭镇王告村村民钟*传因在家祭祖时，将鞭炮在其房屋侧后燃放，燃放过程中引起山岭上（南岭镇王告村上王坑片山坳头山岭）的可燃物着火，造成森林火灾。间接原因：受天气因素影响，我县森林火险黄色预警生效中，容易引发森林火灾；该肇事者森林防火意识不强，屋后距离山脚较近、杂草干枯，其未事先做好防火措施，发生山火后，对处置山火的能力不强，从而导致森林火灾。,0
紫金县敬梓镇扬眉村“1·25”森林火灾调查报告,0,0,3.7464,直接原因：经公安机关依法查明，2023年1月25日16时20分，敬梓镇扬眉村中心村小组12岁郑姓小孩与其10岁郑姓堂妹到旱坑口荒田处燃放鞭炮（擦炮），12岁郑姓小孩燃放擦炮时扔在荒田边杂草上，随即引燃杂草蔓延至山岭造成森林火灾。间接原因：受天气因素影响，我县森林火险橙色预警生效中，容易引发森林火灾；该肇事者年龄较小，森林防火意识不强，发生山火后没有扑救能力，荒田距离山脚较近且杂草干枯，同时其未做好防火措施。,0
紫金县瓦溪镇下濑村“12·26”森林火灾调查报告,0,0,4.3256,直接原因：经公安机关依法查明，2023年12月26日15时55分，瓦溪镇下濑村村民张*强和其妻子邹*如在瓦溪镇下濑村新民村小组李子梅排山岭山脚的荒地上，为了清理房前屋后的杂草，用火时不慎引起森林火灾。间接原因：一是受天气因素影响，久旱无雨、霜冻后杂草干枯，我县森林火险橙色预警生效中，容易引发森林火灾；二是起火点距离山脚较近，导致山火蔓延；三是该肇事者森林防火意识不强，防火措施落实不到位，造成森林火灾。,0
紫金县蓝塘镇布心村“1?13”森林火灾调查报告,0,0,10.8511,经调查，本次森林火灾的直接原因为人为纵火。间接原因包括：1. 天气因素：火灾发生前降水偏少，全县气象干旱达到中旱等级。2. 护林员履职不到位：包干片区护林员邓学流因身体不适未按时上岗巡山护林，且未履行请假手续，导致林区无人管控。3. 相关单位存在的问题：紫金县应急管理局存在超时报送应急卫星监测系统热点情况；紫金县林业局防火视频监控系统建设不完善，存在监控死角，未能及时通过视频监控发现火情；蓝塘镇人民政府火情信息报送不及时不准确，未严格落实“有火必报、扑报同步”，应急处置不得力，对护林员管理不到位；蓝塘镇布心村村民委员会对起火点地理位置不熟悉，初期上报信息不准确导致指挥调度偏差，未及时做好向导工作，对护林员管理不到位。,0
紫金县龙窝镇彭坊村“1?30”森林火灾调查报告,0,0,3.0666,直接原因：经公安机关依法查明，系黄汝浪于2025年1月30日当天上午到龙窝镇彭坊村洛阳片区（关帝爷神坛）祭祀时燃放鞭炮引燃山火。间接原因：一是受天气因素影响。当时我县森林火险红色预警生效中，林下可燃物载量多、易燃烧，极易引发森林火灾；二是火灾隐患清理不到位。龙窝镇彭坊村未严格落实“五清”工作要求，对洛阳片区关帝爷神坛周边可燃物清理不彻底；三是彭坊村护林员履职不到位。包干片区护林员黄**开展巡山护林工作时，未及时发现火情并处置，导致发生火情时林区无人管控，从而引发山火。,0
纳雍县消防救援大队关于“12·23”火灾事故调查情况的报告,1,0,8.5,直接原因为李龙前卧室煤火炉用火不慎引燃周边可燃物导致火灾。灾害成因包括：1. 群众防火意识低：起火建筑内易燃可燃物多（砖木结构，堆放燃煤、玉米棒、玉米粒、棺材等）；生活用火安全防范意识差，煤火炉上方及周边堆放大量易燃可燃物，未保持安全距离；老年人（火灾死亡人员）自我防范能力不足，在醉酒状态下仍将火炉置于床铺旁并睡觉，家属及本人均未意识到其中的风险隐患。2. 群防群治基础差：水东镇消防工作站日常消防安全排查工作不深不细，未发现隐患，未对辖区内消防安全风险隐患进行分析研究，未采取有针对性的防范措施；对“老弱病残酒疯”六类重点人员监管流于形式，登记台账不全；水东镇老包村开展自建房排查治理工作不深不细、弄虚作假；日常消防安全宣传提示工作不到位，未对重点人员有效开展用火用电安全宣传。3. 落实管理责任差：水东镇消防工作站负责人对自身的消防安全职责不清、对辖区消防安全底数不明，未有效落实消防安全工作的有关要求和部署；水东镇老包村驻村干部及村包组干部未落实消防安全责任，未采取有效措施落实开展相关消防安全工作。,0
绵竹市孝德镇金星村 “2?28” 家具加工点火灾事故调查报告,0,2,21.5,此次火灾的直接原因为：家具加工点内私拉乱接的非国标电线接头处氧化腐蚀，导致接触不良产生电弧打火，引燃周边散落的木屑，火焰迅速蔓延至原料区木材堆及成品区家具。此外，还存在加工点安全管理极度混乱（包括违规改建与运营、电气安全隐患突出、消防设施缺失）、基层监管责任落实不到位（包括村级排查流于形式、镇级监管存在盲区、部门协同不足）以及从业人员安全意识淡薄（包括负责人安全意识缺失、工人应急能力不足）等深层次问题。,0
绵阳市涪城区工区街道跃进路 “12?15” 老旧小区车库电瓶车自燃火灾事故调查报告,0,0,7.8,起火原因为居民陈燕的电瓶车使用非原装缺陷锂电池，电池内部短路引发热失控自燃，引燃周边非机动车引发火灾。具体技术检测表明：非原装锂电池存在电芯质量缺陷、电池保护板失效、电池外壳材质为普通塑料导致受热后破裂。灾害成因还包括居民安全意识不足（陈燕为降低成本更换非原装锂电池，未关注电池质量及安全性能），小区物业监管不力（未落实车库非机动车管理责任，未及时更换过期灭火器、修复损坏的排烟系统及消火栓），以及基层监管不到位（工区街道办事处未重点检查车库电瓶车电池合规性及消防设施完好情况）。,0
罗定市附城街道“2·25”森林火灾事故调查报告,0,0,2.582,事故的直接原因是犯罪嫌疑人招某违反《罗定市人民政府禁火令》，擅自在高朗山场山边荒地除草烧杂不慎引发山火。间接原因包括：附城街道思想认识和责任意识不到位，对上级部署工作监督落实不到位，火源管控不力，未能完全管住野外用火；对火灾风险形势认识和研判不足，设卡设点和巡逻不足，错过了初期扑救时机；进村入户宣传教育不力，导致群众野外用火意识淡薄。星光村委防火工作重视不够，火源管控不力，未合理安排巡逻值守，野外用火管控不严，应急处置不力，缺少专业扑火技能和经验，灭火装备不足，初期处置不及时。相关责任人对森林防火工作认识不到位，思想麻痹大意，风险研判指导不到位，防范责任履职不足，责任落实不到位。,0
胶州市青岛兴正纺织有限公司“6·23”较大火灾事故调查报告,3,2,485,直接原因为兴正公司在生产期间，2 号织布车间第 626 号剑杆织布机中轴传动组件运转中摩擦产生的火花或高温引燃积聚棉尘，引发火灾。间接原因为：兴正公司安全生产主体责任不落实，消防及安全生产管理混乱，未落实国家消防和安全生产法律、法规规定，生产场所不符合各项安全技术标准，擅自投入使用，违法经营生产，存在大量安全隐患；具体表现为织布车间出口设置不符合安全疏散要求、建筑耐火等级不符合要求、设备布局不符合要求、机器设备检修不符合安全要求、车间吸尘除尘不符合安全要求、未建立全员安全生产责任制和消防安全责任制、日常安全管理混乱。此外，胶州市公安局张应派出所履行消防监督检查职责不力，未及时督促兴正公司整改火灾隐患；里岔镇人民政府及相关村民委员会落实消防安全工作和安全生产管理工作职责存在不足，隐患排查治理工作不到位；胶州市公安局对公安派出所及其民警实施消防监督检查工作情况监管不力；胶州市消防救援大队对公安派出所消防监督业务考核指导不深入。,1
自贡市荣县双石镇金台村 “4?05” 小型粮油加工厂火灾事故调查报告,0,0,10.5,火灾直接原因为碾米机电机电源线因长期超负荷运行，接头处出现过热熔化，引燃地面散落的谷壳，进而蔓延至原料区谷物堆。灾害成因分析包括：运营管理混乱（经营者未定期维护加工设备线路，设备长期超负荷运行；谷壳、菜籽饼等易燃杂物未及时清理，与电气设备未保持安全距离，未配备有效消防设施）；基层监管缺失（村委会和镇市场监督管理所未将粮油加工厂纳入排查或查处其无照经营行为）；安全意识不足（经营者未接受消防安全培训，不清楚设备超负荷运行风险，初期灭火处置不当）。,0
自贡市贡井区筱溪街道蓝湾半岛小区 “11?12” 高层住宅电气故障火灾事故调查报告,0,1,8.5,直接原因为高层住宅室内违规敷设非国标电气线路，线路老化短路产生高温，引燃吊顶内易燃材料，引发火灾。间接原因包括：装修施工不规范，施工单位违规使用非国标电线，线路敷设未穿管保护，未设置防火隔离带；居民安全意识薄弱，未定期检查室内电气线路及设备状态，长期在插座上串联排插，增加线路负荷，且未在阳台防盗网设置逃生口；基层监管不到位，未将室内电气线路合规性、防盗网逃生口设置作为重点排查内容，未督促居民整改隐患。,0
自贡市贡井区艾叶镇竹林村 “7?08” 小型陶瓷作坊火灾事故调查报告,0,0,9.8,技术检测发现，窑炉电加热管电源线为非标产品，长期高温运行导致接头处绝缘层老化破损，发生短路打火，引燃周边油纸包装纸及陶土碎屑（混有易燃粘合剂），引发火灾。运营管理混乱：陈明未定期检修窑炉等设备线路，使用非标电源线；易燃包装纸随意堆放在加热设备周边，未与窑炉保持安全距离（仅 0.5 米），未配备消防设施。基层监管缺失：艾叶镇竹林村村委会 2024 年开展 “散乱污” 场所排查 3 次，未将陶瓷作坊纳入；镇市场监督管理所未查处其无照经营行为，未督促落实安全措施。安全意识不足：陈明未接受消防安全培训，不清楚高温设备周边防火要求，初期灭火未优先清理易燃包装材料，处置不当。,0
花楼水塔街道江汉路35号、37号“12.16”一般火灾事故调查报告,1,0,141.461539,直接原因为6号房间（死者胡小牛房间）西南角转椅处遗留火种（烟头）引燃周围可燃物，随后引燃屋内堆放的废旧书籍、杂物、纸箱等可燃物，火势沿木质油毛毡闷顶迅速蔓延。灾害成因分析包括：房屋耐火等级低，江汉路35、37号均为砖木结构建筑；防火间距不足，两栋建筑贴邻而建；住户擅自改变房屋结构，搭建夹层，分隔转租，增大火灾荷载；居民消防安全意识薄弱，存在留存大量可燃杂物、乱扔烟头等不安全生活习惯。,0
苍南县钱库镇“4.17”较大火灾事故调查报告,5,2,455,"直接原因：起火部位为钱东路267号民房一楼南半间压痕作坊阁楼下方；起火点为一楼南半间压痕作坊西南角电动车停放处。起火原因为：该处停放的电动车在充电状态下，电动车线路故障引燃电动车上的可燃物，后蔓延至电动车周边堆放的烫金纸、纸膜、边角料等物品成灾。间接原因：1. 钱东路267号四楼住户沈××安全意识淡薄，私拉电线，将电动车长期彻夜停放在一楼阁楼下充电，对其周边堆有可燃物存在的火灾隐患视而不见，疏于防范，导致电动车线路故障引燃电动车上的可燃物，最终蔓延至周边可燃物品成灾,是该起事故发生的主要原因。2. 钱东路267号户主诸葛××、杨××夫妇在一楼设置生产加工作坊，三楼以上设有人员住宿，违反消防安全有关法律、法规规定，没有采取防火分隔措施、没有落实人员疏散设施、消防设施配置明显不符合消防安全技术标准要求，存在严重的火灾隐患；该家庭作坊消防安全管理混乱，对其房屋住户私拉电线为电动车充电现象熟视无睹，疏于管理，并且未按照相关监管单位的口头整改要求落实整改，是导致该起事故的间接原因。3. 负有消防安全监管职责的单位及其有关工作人员未认真履行消防安全监管职责，消防安全检查走过场，火灾隐患查处不力，导致存在的严重火灾隐患未能得到有效整改，是造成该起事故发生的间接原因。",1
苍梧县沙头镇“10·26”森林火灾事故调查评估报告,0,0,165.9335,"人为使用烟火,烟火余烬阴燃石坑的易燃物燃烧蔓延至周边的树叶、杂草和林木是导致此次森林火灾事故发生的直接原因。间接原因包括：长时间高温干旱高火险天气、可燃物干燥易燃、受生产习惯影响村民习惯野外用火烧稻梗、稻草等客观原因；相关责任单位及人员政治站位不高，防火责任未完全落实，对易发生山火的重点区域特殊人群（小孩、老人和智力低下人员）专人盯控出现疏漏；对做好当前森林防灭火工作的极端重要性认识不足、重视不够；主体责任落实不到位，个别领导干部履职不力，宣教工作未做深做透，群众防火意识仍然淡薄；对已持续一段时间的高温火险天气和卫星热点、森林火情多发的实际情况，应对措施乏力，信息不通畅，报告不及时，且火灾发生在凌晨三点，没有做到时间上的全天候覆盖设卡巡查发现火情。",0
苏州市吴中区碧桂园别墅区“03·08”火灾事故调查报告,2,6,860,直接原因：电动车电池爆燃。间接原因：物业管理不到位，未禁止地下室充电；住宅消防设施缺失；居民缺乏火灾防范意识。,0
茂名市电白区观珠镇“3·16”较大火灾事故调查报告,3,0,294.26,直接原因：2024 年 3 月 16 日0 时0 分许，位于电白区观珠镇大榕村吴某风自建房内一楼北墙上的配电箱内电气线路故障，电弧放电打火，引燃下方可燃物蔓延成灾。间接原因：吴某风违规建设自建房并搭建铁皮屋，给灭火救援造成困难；一层及铁皮屋临时存放大量易燃可燃电器，火灾荷载大，空调制冷剂产生有毒有害气体，增加灭火难度；起火建筑无建筑消防设施、器材；窗户、阳台处设有防盗网，逃生窗被上锁，人员逃生自救困难；起火建筑内人员缺乏消防安全意识和自救逃生能力；起火建筑只有一个敞开式疏散楼梯，居住部位与首层未采取防火分隔措施，火灾后明火、有毒烟气迅速蔓延；地方党委政府及有关部门组织开展违章建筑整治工作不力，属地基层治理力量薄弱，排查整治落实不到位，隐患未彻底跟进处置。,1
菏泽市曹县青堌集镇 “6?12” 乡镇农资仓库火灾事故调查报告,0,0,7.5,乡镇农资仓库电气线路老化短路打火，引燃未密封的易燃农药，引发火灾。经营部管理失职，未按规定分区存储农资产品，未定期检修电气线路及开关插座，未及时更换过期灭火器，经营者王强发现线路隐患后仅简单处理，未停止使用；员工李娜安全意识薄弱，发现线路冒烟后未坚持停止使用插座；基层监管不足，曹县农业农村局未将仓库存储分区、线路防护作为重点检查内容，青堌集镇政府未督促经营部完善消防设施和组织消防安全培训。,0
菏泽市郓城县黄安镇 “10?18” 乡镇秸秆打包厂火灾事故调查报告,0,0,7.8,火灾直接原因为打包厂员工张强违规在车间内使用煤炉取暖，不慎将未熄灭的煤渣溅落在秸秆原料堆上，引燃秸秆。事故的深层原因包括：打包厂经营者刘刚违法违规运营，未办理营业执照及消防备案，擅自开展生产，且车间内电气线路私拉乱接、使用非标电源线、易燃秸秆原料随意堆放、消防通道被占用、未禁止明火使用等安全隐患突出；员工安全意识缺失，未接受消防安全培训，不清楚秸秆易燃特性及明火使用风险，初期发现火情后处置不当，未能彻底扑灭火源；以及基层监管缺位，黄安镇政府未将该打包厂纳入安全排查范围，县农业农村局未查处无照经营行为，县应急管理局未开展乡镇秸秆打包厂安全专项检查。,0
营山南大梁高速渌井出口连接线桥梁改扩建提升工程“3·27”一般火灾事故调查报告,0,0,40,直接原因为用电线路短路引发火灾。间接原因为：1. 卢家坝大桥下方堆放大量易燃物（柴草），渌井镇香积村、营山高铁新区城乡建设投资有限公司未认真落实隐患整改，督促村民搬离柴草。2. 四川银涛建筑劳务公司未严格执行南大梁高速渌井出口连接线桥梁改扩建提升工程项目部下班关闭电闸的管理规定。3. 四川银涛建筑劳务公司雇请未取得低压电工操作证的杨勇敷设电力线路。,0
萧县庄里乡“2017.7.7”较大火灾事故调查报告,3,0,48,直接原因：建筑物一层电路因短路引燃周边可燃物。间接原因：周*婚庆用品商店疏于安全防范，经营场所线路没有定期检查维护，大量堆放易燃物品；李**安全意识淡薄，对建筑物内部用电线路老化、易燃物品多、房屋结构不合理、前后窗户全部安装封闭式防盗窗等消防隐患重视不够，火灾发生时应急处置不当；萧县庄里乡庄里村、萧县庄里乡派出所、萧县庄里乡人民政府、萧县公安消防大队消防安全专项整治工作或督促指导工作不到位，对事故发生负有管理责任。,1
蓝塘镇布心村“1?13”森林火灾调查报告,0,0,10.8511,经调查初步认定，两处火点均为人为纵火引发森林火灾。间接原因包括：天气干旱；护林员未按时上岗履职，导致林区无人管控；紫金县应急管理局未及时反馈应急卫星监测系统热点情况，存在超时报送；紫金县林业局防火视频监控系统建设不完善，存在监控死角，未能及时通过视频监控发现火情；蓝塘镇人民政府火情信息报送不及时不准确，应急处置不得力，对护林员管理不到位；蓝塘镇布心村村民委员会对起火点地理位置和周边环境不熟悉，初期信息上报不准确，未能及时做好向导工作，对护林员管理不到位。,0
蓝田县“9·29”较大道路交通事故调查报告,7,1,421,事故直接原因是驾驶人李前娃驾驶半挂车行至312国道蓝田县洩湖镇漫道村路段时观察不周、超速行驶（超速21.6%-28.3%），在避让横穿道路的村民时措施不当、驶入对向车道，与超速行驶（超速17%）的小客车相撞。间接原因包括：金众水泥公司未设置安全管理机构或配备专职安全管理人员，未建立安全风险分级管控机制和隐患排查治理制度，未按规定建立运输车辆动态监控平台等；三秦路桥公司项目经理部未严格按照施工组织设计设置安全警示标志，施工保畅措施落实不力；通途管理公司监理职责履行不力，对施工单位管理问题失管失察；雁塔区交通运输局对金众水泥公司监管职责落实不到位，检查频次不足，未督促建立动态监控平台；西安市公路局对建设项目监管不到位，日常安全检查流于形式；蓝田县公安局交通管理大队对事故多发路段治理效果不明显，源头管理和路面检查不实不细；蓝田县人民政府道路交通安全隐患整治不力，辖区内大多数电子测速等设备长期无法正常使用，未能有效遏制事故发生。,1
蚌埠市龙子湖区2019.11.15较大火灾事故调查报告,5,3,452.2,"直接原因：经调查认定：位于蚌埠市火车站西侧车站新村 853 栋一
层东侧第三间店铺蚌埠特色小吃店内钢瓶装液化石油气使
用完毕未关闭钢瓶气阀，液化石油气发生泄漏，在达到爆炸
极限后，遇明火（蜂窝煤球炉）后发生爆炸并引燃室内可燃
物，加之各店铺使用木质隔墙、塑料吊顶等非阻燃材料，导
致火势快速蔓延扩大。
间接原因：
1.有关生产经营单位安全生产主体责任落实不到位。蚌埠特色小吃店安全意识淡薄，未遵守安全用气规则，擅自改装户内燃气设施，未定期检查维护燃气设施。
2.有关监管部门安全监管不到位。",1
衡东县杨桥镇桥兴社区“4·22”较大火灾事故调查报告,4,0,66.2,直接原因：手机充电造成电气线路故障引发火灾。间接原因：1. 店主消防安全意识淡薄，店铺内货物堆放杂乱并违规在店铺内设置阁楼留宿，未配备消防器材，还把店铺后面唯一的窗户焊牢，现场电气线路较为混乱且关门后未对店内区域及时断电，且对政府和相关部门指出的消防安全隐患未引起重视配合整改。2. 镇政府消防管理存在薄弱环节，未严格落实相关法律法规要求，分解各级各部门消防安全责任，未完善消防基础设施建设，对社区消防工作措施落实和防火公约制定督促不到位，对颜记五金店存在的消防安全隐患未采取有效措施督促整改到位。派出所对社区有效开展消防宣传教育、制定防火安全公约、消防器材配备等工作和颜记五金店存在的消防安全隐患未及时督促整改到位。3. 开展消防警示宣传不全面，社区未制定防火安全公约，居民对火灾危害认识不足，乡镇、社区及居民防火应急处置能力不足。4. 消防部门对农村消防工作重视不够，消防监督指导工作不深入，对杨桥镇公安派出所开展日常消防监督检查指导不到位，对杨桥镇消防器材配备、消防设施维护检查督促不到位。,1
西城区右安门内大街6号“12.10”火灾事故调查报告,1,2,161.332623,事故直接原因是：右安门内大街6号楼2单元楼顶闷顶内的木材和和压制稻草发生长时间阴燃，燃烧条件充分后转入明火燃烧，并在2单元北坡烟囱附近突破房顶，火势快速扩大蔓延。起火原因分析包括闷顶内发生阴燃、闷顶内可燃物（木结构和压制稻草）具备阴燃条件，以及电气线路故障和遗留火种（防水作业使用的丙烷喷灯火焰）能够引燃闷顶内可燃物。火灾蔓延原因是闷顶内长时间阴燃后火势突破房顶，大量空气进入，可燃物充分燃烧，加之建筑闷顶内无隔墙。建筑产权单位缺乏对房屋的安全管理，未及时发现和处置初期火灾。施工单位违反相关规定，存在违规动火行为，未确认现场安全条件，且在施工结束后将剩余的防水卷材和丙烷气瓶堆放于屋顶，增加了火灾荷载。人员伤亡原因是火灾由阴燃转入明燃后迅速蔓延，导致楼顶和吊顶结构坍塌造成人员被埋压致伤亡，以及建筑产权单位未制定居民防火安全制度及应急预案，未能第一时间开展应急处置并组织人员疏散。,0
西安市凤鸣华府小区2022·12·1较大火灾调查报告,5,3,0,起火原因为小孩在6号楼1层东侧门厅使用打火机点燃纸张，引燃该门厅西北角放置的杂物起火。灾害成因包括：1层公共区域墙面装饰板为可燃材料，导致火势快速蔓延并产生高温有毒烟气；疏散楼梯间及消防电梯合用前室未安装防火门，破坏防火防烟分区，烟气不受阻挡扩散；机械防烟系统未启动，浓烟涌入疏散楼梯间；小区消防控制室无人值守，消防控制柜故障，大部分感烟探测器防尘罩未摘除，导致火情未被及时发现和处置；物业单位未及时清理公共区域可燃物，存在电动自行车进楼入户现象，微型消防站初期火灾扑救不力；小区占用消防车登高操作场地，影响疏散救援；部分居民冒险离家逃生方式不当，吸入有毒烟气或导致烟气涌入室内。,1
西安市未央区凤鸣华府小区6号楼“2022·12·1”较大火灾延伸调查报告,5,3,0,起火原因为小孩在6号楼1层东侧门厅使用打火机点燃纸张，引燃该门厅西北角放置的杂物起火。灾害成因包括：6号楼1层公共区域墙面装饰板为可燃材料，燃烧蔓延快速，产生大量高温有毒烟气，是导致人员伤亡的主要因素。6号楼疏散楼梯间及消防电梯合用前室各层均未安装防火门，导致防火防烟分区被破坏，烟气不受阻挡扩散。起火时机械防烟系统未启动，导致1层浓烟大量涌入疏散楼梯间。小区消防控制室无人值守，消防控制柜存在故障，6号楼大部分感烟探测器防尘罩未摘除，导致火情未能在第一时间被发现并有效处置。物业单位未及时清理公共区域内堆放的可燃物，存在电动自行车进楼入户现象；小区微型消防站未有效发挥作用，初期火灾扑救不力。小区占用了消防车登高操作场地，影响了疏散救援。部分居民冒险离家通过楼梯间、电梯逃生，吸入有毒烟气造成伤亡；有的居民开门逃生后忘记关门挡烟，导致大量烟气涌入室内，存在安全风险。,1
西安市泰和居小区“5·29”较大火灾延伸调查报告,3,0,0,起火原因为未燃尽烟头引燃垃圾桶内可燃物，引发火灾。居民消防安全意识不强，住户吸烟不慎引发火灾，家中存放大量的聚氨酯泡沫填缝剂致使火势发展迅猛。居民逃生能力不足，客厅着火后，人员从南侧卧室逃到东侧卧室后并未关闭室内门，大量烟雾涌入导致死亡。物业管理责任缺失，小区室内消火栓系统未保持完好有效、压力不足，物业防火巡查检查不到位、责任落实不到位。,1
西安朱雀热力有限责任公司锅炉及附属设备拆除工程项目“8.5”火灾一般事故调查报告,0,3,17.45,直接原因：英华公司施工人员在1#、2#脱硫塔顶部采用氧气丙烷气切割起吊孔，切割过程产生的炽热钢渣直接落入塔内，导致脱硫塔内壁防腐材料中的乙烯基树脂燃烧。由于1#、2#脱硫塔烟气出口管道通过防腐烟道与脱硝塔、湿式电除尘器、烟囱连接贯通，烟囱抬升效应显著，空气流通，导致火势蔓延。间接原因：1.英华公司作为项目施工单位，安全生产主体责任落实不到位，包括专项施工方案编制不详细、切割作业人员未持证上岗、三级安全教育落实不到位、安全技术交底无针对性、安全管理措施不到位、未及时发现并消除事故隐患。2.建筑工程监理作为项目监理单位，监理职责履行不到位，对专项施工方案审核不严，未严格审核施工单位安全教育及技术交底的落实情况，未及时有效督促整改现场安全隐患。3.朱雀热力作为项目建设单位，对项目的安全生产工作统一协调、管理有漏洞，安全检查工作不全面、不细致、不到位，未切实督促有关单位履行安全管理职责，未及时发现并消除事故隐患。4.西安市市政公用局作为牵头单位，未切实落实“三管三必须”要求，安全生产监管职责履行不到位；其下属单位西安市燃气供热监督管理中心日常监管检查不细致，未及时发现安全隐患。5.碑林区相关部门（包括区建设和住房保障局、市环保局碑林分局、张家村街办）落实“三管三必须”和“属地管理”要求不到位，安全生产监管职责履行不到位，安全隐患排查工作不到位。,0
西山区福海街道办事处船房社区“12-02” 较大火灾事故调查报告,9,2,13.17,直接原因：电动自行车蓄电池连接线与蓄电池固定压条压合部位漏电并产生高温，导致电动自行车燃烧，引燃船房社区新农村居民小组附84号101室内的可燃物质，火灾蔓延至楼道和部分房间，造成人员伤亡。间接原因：1．附84号居民楼内电动自行车停放和充电行为存在失管漏查，对电动自行车停放易引发火灾的危险性没有采取有效措施进行防范。2.船房社区电动自行车停放和充电基础设施建设滞后。现有电动自行车集中停放点不能满足社区电动车停放和充电需求，导致电动自行车大量停放在居民楼内。3.电动自行车维修监督管理不力。事发电动自行车蓄电池电压超过《电动自行车通用技术条件》（GB17761-1999）规定的电动自行车电压等级，蓄电池连接线被蓄电池固定压条压覆，对可能造成电气线路故障并引起电动自行车燃烧的危险性没有采取技术措施进行防范。4.居民住房监督管理不力。附84号居民楼楼顶违规建房的行为没有得到及时整治。对居民楼用作村民自己居住以外的其他用途的行为没有进行有效的规划和指导，火灾治理措施针对性不强。5.消防安全意识薄弱。附84号居民楼101室内、楼道上堆放的木床、床垫等可燃物质，导致电动自行车起火后火灾蔓延、灾害扩大。火灾隐患长期存在，没有得到及时处置和治理，火灾隐患排查治理不力。6.自救逃生知识缺乏。火灾发生后，附84号居民楼没有通达楼顶的畅通逃生通道，不科学的逃生方式导致人员伤亡扩大。消防宣传、教育、演练、训练没有切合实际组织开展，社会火灾防控和消防应急逃生知识宣传普及重形式、轻效果。7.安全发展理念树立不牢固。以人为本的安全生产红线意识没有牢固树立，区域性火灾风险防控判研不透彻，采取的措施不够坚强有力，督促落实上差距明显，没有切实触动社区、居民小组、社区居民进行彻底整改存在的火灾隐患。,1
西昌市安宁镇月华村 “3?15” 废品收购站火灾事故调查报告,0,0,18.6,村民王军于2024年3月14日在废品收购站废纸区旁吸烟，将未熄灭的烟头丢弃在废纸堆顶部，烟头阴燃引燃废纸，加之3月15日上午风力较大，火势迅速蔓延至周边塑料、杂品等区域，引发火灾。此外，收购站安全管理混乱（违规运营、可燃物管理无序、消防设施缺失、安全管理缺位），基层监管存在漏洞（村级监管不到位、镇级监管流于形式、部门协同不足），以及人员安全意识淡薄（经营者未履行主体责任，外来人员随意丢弃烟头，初期处置不当）是导致火灾扩大和损失加剧的深层次原因。,0
谯城区“2016-10-31”较大火灾事故调查报告,5,0,40,直接原因：该起火灾的起火原因不能排除电气故障引发火灾的可能，且因施救不当，导致人员伤亡。间接原因：谯城区邢南圆通生活馆安全生产主体责任不落实，日常管理混乱，疏于防范，对家庭成员安全教育培训不够，应急处置不当；王振华安全意识淡薄，建筑物内用电线路乱拉乱接，应急处置不当；亳州市谯城区华佗镇小奈村、华佗镇人民政府、华佗镇派出所、谯城区公安消防大队和谯城区人民政府在开展家庭式商铺（作坊）消防安全专项整治工作、督促检查指导、隐患排查整治、落实防火责任制及依法履行监管职责方面均存在不到位的情况。,1
贺村镇 “9?20” 乡镇竹制品加工厂火灾事故调查报告,0,0,8.8,直接原因：乡镇竹制品加工厂员工张强违规在车间内吸烟，未熄灭烟头引燃地面堆积的竹屑，叠加烘干炉因设备故障外壳高温加速火势，最终引发火灾。间接原因/管理漏洞：加工厂经营者刘刚违法违规运营（未办理营业执照及消防备案，使用非标电气设备及私拉线路，未建立设备维护制度，竹屑长期堆积未清理，未禁止车间内吸烟，消防通道被占用，安全隐患突出）；人员安全意识缺失（工人张强违规吸烟，对火灾风险认知不足；其他员工未及时制止吸烟行为，发现火情后初期灭火措施不当）；以及基层监管缺位（贺村镇政府、市林业局、市应急管理局未有效履行监管职责，未将车间吸烟管控、竹屑清理作为重点检查内容，未查处无照经营行为）。,0
达州市大竹县月华镇川心村 “12?05” 小型酿酒作坊火灾事故调查报告,0,0,10.2,直接原因为电加热棒电源线为非标产品，绝缘层因高温老化破损导致短路打火，引燃周边易燃高粱壳。间接原因包括经营者陈明安全管理缺位（未定期检查酿酒设备线路、使用非标电源线、高粱原料与电加热棒未保持安全距离、未配备消防设施）和安全意识薄弱（未接受消防安全培训，初期灭火处置不当），以及基层监管部门（村委会、镇市场监督管理所）排查疏漏，未将该作坊纳入监管范围。,0
进贤县金域蓝湾小区“1·18”火灾事故调查报告,1,0,0,金域蓝湾小区4栋1单元一层楼梯间总配电箱上方的电气线路故障引发火灾，引燃其下方违规停放的电动自行车，导致火势扩大。火灾发生后大量高温有毒烟气涌入疏散楼梯。事故原因为小区物业服务企业未落实消防安全管理主体责任，未对电动自行车违规停放进行巡查整改，处置初期火灾及组织疏散逃生能力不足；基层网格排查不深入、不细致；消防宣传培训不到位。物业人员到场速度迟缓，未能及时开展初期火灾扑救及疏散引导。死者缺乏消防安全基本常识，多次冒险盲目逃生。,0
连云港宏兴研磨材料有限公司“4.21”火灾事故调查报告,0,0,213.8,直接原因：在宏兴公司非法生产过程中孙成文盲目操作，没有停止“泵料”作业擅自脱离工作岗位，无人监护作业状态，导致吨桶内物料在即将抽空时，大量空气抽入转料输送管道内，物料、空气混合流动产生静电积累并释放，引起吨桶转料输送管道入口处的物料起火，继而引发南仓库内沉降罐和成品罐以及厂区内其他危险化学品储罐、吨桶等相继燃烧、部分燃爆。间接原因：宏兴公司守法意识、安全意识极其淡薄，非法建设化工生产项目，非法组织危险化学品生产，未落实安全生产主体责任，安全管理混乱，员工能力不足盲目操作，是事故发生的主要原因。(1)故意隐瞒、逃避监管、非法生产。宏兴公司实际控制人周平利用其担任副镇长(2019年分管安全、环保等)、村支书、村主任身份，官商一体，在未向任何行政主管部门申请、报备的情况下，接受转让的非法工艺技术，擅自建设化工生产装置，不吸取有关事故教训扩大生产规模，非法组,0
通道不畅 小事成大灾,16,58,200,直接原因：深圳市智茂电器制品厂一楼仓库西端存放纸皮处上方的横梁最南端的日光灯，由于水泥批荡松脱而随之一起落下，处于通电状态的日光灯镇流器散发的热量，被周围的纸皮等可燃物挡住并积蓄起来，使可燃物阴燃，最终产生明火并蔓延开来。主要原因：深圳市智茂电器制品厂无视安全法规，安全管理混乱，仓库与车间在同一栋厂房内，库房与通往楼上的楼梯通道之间未设防火隔离，而一楼原料仓库内各种可燃物品堆放过高过密，防火通道堵塞，火灾发生时无人组织指挥职工疏散。其他原因：上星村对辖区内企业的安全监督管理不力，个别村干部利用职务便利出具假证明，欺骗工商部门为智茂电器制品厂注册登记，并非法转让营业执照牟利，为有关部门的安全监督制造障碍。沙井镇政府安全生产工作不到位，贯彻执行安全生产法规不坚决，没有及时发现智茂电器制品厂存在的安全问题，留下重大事故隐患。,2
遂宁市安居区横山镇磨溪村 “1?18” 小型秸秆打包站火灾事故调查报告,0,0,8.8,直接原因：打包机电机电源线为非标产品，长期超负荷运行导致接头处绝缘层老化破损，发生短路打火，引燃周边碎秸秆及秸秆捆，引发火灾。间接原因：1. 设备管理疏漏：经营者刘芳未定期检修打包设备线路，使用非标电源线；碎秸秆未及时清理，堆积在设备周边；未配备消防设施，未考虑风力对火势蔓延的影响。2. 基层监管缺位：村委会未将秸秆打包站纳入农业设施排查；镇农业农村局未针对秸秆处理场所开展专项安全检查，未督促落实防火措施。3. 安全意识薄弱：经营者刘芳未接受消防安全培训，不清楚秸秆易燃特性及设备超负荷运行风险，初期灭火处置不当。,0
遂宁市安居区白马镇小龙塘村2组“2·23”亡人火灾事故调查报告,1,0,1.8225,直接原因为谭万乐住宅房间内电气线路短路引燃周边物品并蔓延成灾。间接原因为死者为五保户、独居，且事发深夜，死者处于熟睡状态，未能在火灾第一时间逃生；房间面积小、可燃物多，致火势蔓延迅速。,0
道外区团结镇“6.3”居民住宅亡人火灾调查报告,1,0,0,起火原因为单铁成家北侧单层建筑卧室内电视柜区域电气故障引燃周围可燃物引发火灾。同时，消防安全宣传教育存在欠缺，居民消防安全意识淡薄，以及安全管理存在管控不到位、安全教育流于形式等问题也间接导致了事故的发生。,0
道里区新发镇二场村新企头道街26号“5·14”火灾事故延伸调查报告,1,0,1.823796,直接原因：26号室内西北处插线板处0.5米平方米范围内电气线路故障引燃周围可燃物引发火灾。间接原因：租户李井芝消防安全意识薄弱，火灾发生后没有立即采取有效的措施进行逃生，造成死亡；租户李井芝的儿子对失能老人的监护不到位，将老人独自留在家中，安全意识匮乏; 新发镇二场村村委会开展消防宣传培训及应急疏散逃生演练不到位，致使该村居民消防安全意识淡薄、应急逃生知识匮乏。,0
道里区民生尚都小区瑞园F7栋1单元2502室“6·19”火灾事故延伸调查报告,1,0,0.06,直接原因：起火部位为哈尔滨市道里区民生尚都小区瑞园F7栋1单元2502室陈庆贵租住的房屋西北角卧室，起火原因遗留火种引发火灾。间接原因：1、哈尔滨市道里区民生尚都小区瑞园F7栋1单元2502室租户陈庆贵消防安全意识薄弱，火灾发生后没有立即采取有效的措施进行逃生，造成死亡；2、经调查了解陈庆贵在火灾发生前存在持刀砍砸邻居家门的精神失常情况，且老人独自在家无人照顾。,0
邵阳市双清区石桥乡“12·20”非法经营烟花爆竹较大爆炸事故调查报告,5,0,21.7,直接原因：刘亚旗及其家人在其住宅区内非法储存烟花爆竹，在无任何安全条件的情况下擅自改装非法经营的礼花弹，礼花弹燃爆并引爆室内的其他烟花爆竹产品，导致了事故的发生。间接原因：1.正阳烟花爆竹店采取过激行为妨碍公务。2.区乡政府烟花爆竹“打非”行动不力、隐患排查不到位。3.相关职能部门烟花爆竹“打非”行动不力、隐患排查不到位。,1
邵阳市隆回县桃花坪街道辰河世家小区居民住宅“12·4较大火灾事故,3,1,25.1,田文杰住宅住户田顺生过失引起火灾。湖南佳源华冠物业服务有限公司隆回分公司未落实消防安全主体责任，未依法对小区建设消防设施进行维护，擅自停用室内消火栓，导致火灾发生时，室内消火栓无水，对火灾蔓延扩大应承担责任。,1
郑州市金水区西关虎屯新区“6·25”重大火灾事故调查报告,15,2,996.8,直接原因：4号楼2单元1层楼梯间用户接线箱内电气线路单相接地短路，引燃箱内存放的纸张等可燃物。间接原因：1.用电安全管理混乱，工程改造未按规定装设短路保护和过负荷保护，用户接线箱内布线混乱，导线绞接普遍，部分接线端子采用热熔塑料制品。2.楼道内存放大量可燃物品，原电表箱未拆除，用户接线箱和原电表箱均未加锁，内存放纸张、电动自行车充电器等可燃物，楼梯间堆放自行车、电动自行车等物品，起火后产生大量高温有毒烟气，形成“烟囱效应”。3.逃生自救措施不当，遇难人员在不明火情下盲目逃生，强行穿越充满高温有毒烟气的楼梯间。4.西关虎屯村开展防火检查巡查工作不力，未能及时排查清理楼道内杂物和长期占用消防通道等安全隐患。5.电力部门用电安全管理不到位，受理用电申请违规，未按规定对工程进行接火送电管理和验收，对下属部门工作督导不到位。6.公安、消防部门履行消防安全监管职责不到位，督促指导村（居）民委员会落实消防安全措施不力，对消防法律、法规执行情况监督检查不力，火灾隐患整改不到位，对下级部门工作不到位问题失察。7.金水区文化路街道办事处履行消防安全职责不到位，督促指导社区开展防火检查巡查工作不力，未能发现并督促排查清理消防安全隐患。,2
醴陵市民旺生态养殖场“7·11” 较大非法生产烟花爆竹爆炸事故调查报告,7,0,710,直接原因分析：李美中非法组织生产制造烟花爆竹“狗尾草”，在生产作业过程中因操作不当，引起静电积累放电产生火花引燃现场易制爆原材料，并发生爆炸。间接原因分析：1. 李美中、吴思期目无法纪，唯利是图，铤而走险，毫无安全意识，组织陈燕、邹爱玲、李传桃、李剑、瞿友兴、李明战等人非法生产烟花爆竹。2. 非法生产者违规租赁有证烟花爆竹企业工位，并凭借有证企业资质购买原材料和销售产品，合法企业为非法生产销售提供了便利。3. 属地管理严重缺位，对烟花爆竹“打非治违”工作重视不够，排查不实不细，未及时发现和打击非法生产烟花爆竹违法行为；刘建军作为竹花山村党支部书记参与非法生产烟花爆竹活动，并提供场地；村支两委班子成员集体失察失守，对村党支部书记刘建军非法提供场地并参与非法生产的违法行为，应该发现而未发现。4. 有关职能部门对安全生产风险研判不够精准，“打非治违”机制不健全，取缔、查处非法生产的执法监管严重缺位，未有效落实安全生产“三管三必须”的工作要求，对非法生产烟花爆竹排查不够深入，发现和排除问题隐患不够有力。,1
金县蓝塘镇布心村“1?13”森林火灾调查报告,0,0,10.8511,直接原因：两处火点均为人为纵火引发森林火灾。间接原因：1.天气因素：2024年1月1日至1月12日，我县平均降水仅0.6毫米，较常年同期偏少96%，全县气象干旱达到中旱等级。2.护林员履职不到位：当天包干片区护林员邓学流因身体不适，未开展巡山护林工作，并且未履行请假手续，导致发生火情时林区无人管控。相关单位存在的问题：紫金县应急管理局在接报火情后处置得当，但存在超时报送应急卫星监测系统热点情况；紫金县林业局防火视频监控系统建设不完善，蓝塘镇布心村未安装防火视频监控系统，存在监控死角，导致未能及时通过防火视频监控发现火情；蓝塘镇人民政府火情信息报送不及时不准确，未严格落实“有火必报、扑报同步”的要求，应急处置不得力，未贯彻“打早小”原则，对火情发展态势和地理环境估计不足，未第一时间组织或申请足够力量扑救，导致山火蔓延，酿成较大森林火灾，且对护林员管理不到位；蓝塘镇布心村村民委员会对起火点的地理位置和周边环境不熟悉，起火初期在未经现场核实的情况下认为起火点位于惠东县境内并向上级报告，信息不准确，导致县、镇在应急指挥调度上出现偏差，在扑救过程中未及时做好向导工作，同时对护林员管理不到位。,0
金溪县何源镇彭家村委会桥头村小组王祝富民宅“9·15”较大火灾事故调查报告,3,0,0,直接原因：起火原因为意外因素导致蚊香引燃周围可燃物蔓延成灾。间接原因：一是建筑耐火等级低，起火建筑为木结构土坯瓦房，内部厅室和阁楼皆用木料分隔，阁楼上存放可燃物品较多，且使用年代较长，加之近期高温干旱天气，火灾发生后燃烧猛、蔓延快。设置阁楼导致卧室层高为3米，造成火灾初期热烟气积蓄沉降较快，不利于人员逃生、施救。二是群众自救能力弱，火场被困人员为高龄老人和低龄儿童，紧急避险、火场逃生能力弱。死者王祝富发现火灾后，在未采取防护措施的情况下，盲目冲入火场救人而死亡。三是发现火情不及时，火灾发生在夜间，农村人员活动不活跃，村民没有面对起火建筑，不具备第一时间发现火情异常的客观条件。第一报警人未选择相对安静环境报警且报警时未准确描述起火地址及基本情况。四是农村消防基础设施有盲点，起火建筑周围缺少火灾扑救设施设备，村民在发现着火后未能组织有效扑救。县城消防站和乡镇专职消防站距火灾发生地较远，无法快速赶赴现场施救。,1
金龙镇“2·1”火灾事故调查报告,3,0,4.878663,直接原因：起火部位位于起火民房客厅北侧区域；起火点位于在距客厅北侧墙面1.3米、西侧墙面1.0米香烛祭祀处；起火原因为户主唐德仲香烛祭祀时遗留火种引燃客厅北侧茶几处可燃物引发的火灾。间接原因：1.户主唐德仲及其家人火灾防控意识薄弱，存在家中明火祭祀的陈规陋习，缺乏火灾发生后的疏散逃生技能。2.起火建筑二楼各房间均安装防盗网，阻碍了被困人员逃生。3.普莲场镇微型消防站未落实值班值守职责，值班电话、站长电话均无人接听，延误初期火灾扑救时机。,1
长春世鹿鹿业集团有限公司 “11.06”较大火灾事故调查报告,5,1,820,直接原因：胡利宏在新建冷库南部排酸间中焊接西北角立柱过程中，电焊作业引燃冷库排酸间墙面上聚氨酯泡沫保温材料，并挥发出大量可燃气体，后迅速引发轰燃，蔓延成灾。间接原因：长春世鹿鹿业集团有限公司大量使用易燃的聚氨酯泡沫作为保温材料，安全生产主体责任不落实，未配备安全管理人员，未对作业人员进行安全教育培训，未审查电焊作业人员特种作业操作证，未组织开展隐患排查，且非法占用土地进行违法建设；法定代表人许彦光未履行安全生产管理职责，对作业现场安全问题失管漏管；毛晨航、胡利宏、陈玉林安全生产意识淡薄，在未取得特种作业操作证的情况下违规上岗作业；长春市双阳区农业农村局对乡镇设施农业用地备案及监管工作指导不力；长春市双阳区鹿乡镇人民政府未及时发现并制止违法建设行为，未对设施农业用地的建设和利用行为进行日常监管和巡查。,1
长春世鹿鹿业集团有限公司11.06较大火灾事故防范和整改措施落实情况评估报告,5,1,820,直接原因：胡利宏在新建冷库南部排酸间中焊接西北角立柱过程中，电焊作业引燃冷库排酸间墙面上聚氨酯泡沫保温材料，并挥发出大量可燃气体，后迅速引发轰燃，蔓延成灾。间接原因：长春世鹿鹿业集团有限公司大量使用易燃的聚氨酯泡沫作为保温材料，安全生产主体责任不落实，未配备安全管理人员，未对作业人员进行安全教育培训，未审查电焊作业人员特种作业操作证，未组织开展隐患排查，且非法占用土地进行违法建设；法定代表人许彦光未履行安全生产管理职责，对作业现场安全问题失管漏管；毛晨航、胡利宏、陈玉林安全生产意识淡薄，在未取得特种作业操作证的情况下违规上岗作业；长春市双阳区农业农村局对乡镇设施农业用地备案及监管工作指导不力；长春市双阳区鹿乡镇人民政府未及时发现并制止违法建设行为，未对设施农业用地的建设和利用行为进行日常监管和巡查。,1
长沙县星沙街道“7·18”火灾事故调查报告,2,15,415.5,直接原因是铁武摩托车商行电气故障引燃门店内存放的可燃物，门店内的电动车高分子材料燃烧速度快，产生的大量浓烟和有毒气体迅速通过楼梯间向楼上住宅蔓延，导致安全疏散通道充满高温浓烟，而火灾发生时受困群众多处于熟睡中，火灾警醒时间晚，部分受困群众未采取有效措施逃生自救导致人员伤亡。事故的间接原因及暴露出的主要问题在于，铁武摩托车商行经营者岳铁武消防安全主体责任不落实，对门店的电气线路和电器设备维护检查不到位，未意识到门店与楼道的窗户防火防烟分区隔离不符合要求；房屋产权所有人徐晃未严格履行出租人消防安全责任，未按照规范对建筑采取防火防烟分区隔离的措施，即未封堵一楼门店与房屋楼道连通的窗口，且楼上多层窗户安装了无法从内部开启的金属栅栏；台铃科技公司对加盟门店的装修设计存在缺陷，未安排设计人员到门店实地勘察测量，也未在装修设计方案中提出防火防烟分区隔离的措施，装修完成后未派出验收人员到加盟店实地验收；铃航电动自行车公司作为一级经销商，未严格制定加盟店的安全管理制度，对加盟店的实地勘察不细致。同时，星沙街道消防安全检查不深入，多次检查均未发现和指出门店与楼道未进行防火防烟分区隔离的问题；长沙县公安局星沙派出所消防安全监管不到位，一直未将铁武摩托车商行纳入日常监督检查范围；长沙县消防救援大队在组织指导街道的排查工作中存在偏差，导致排查工作未能覆盖起火门店这类场所,0
长沙市“7·22”火灾事故调查报告,2,1,80,1801室住户王某违规在阳台使用非原装电动车电池充电，导致电池故障起火，引燃了阳台堆放的杂物，是本次事故的直接原因。间接原因包括：王某消防安全意识淡薄，违规使用非原装电动车电池充电，且在阳台堆放大量易燃杂物；长沙市金茂物业服务有限公司未有效履行物业管理责任，未对楼宇进行日常消防安全巡查和宣传，未能及时发现并制止住户违规充电和堆放杂物的行为；行业监管部门（区住建局、区应急管理局、区消防救援支队）对物业公司的安全管理指导和监督不足，对辖区内居民楼的安全监管和消防宣传工作不够深入细致，未能有效提升居民的消防安全意识。,0
长沙市雨花区东山街道湖南启升装饰材料有限公司建材仓库“7.2”较大火灾事故调查报告,0,0,4671.2364,直接原因为不排除人为遗留火种。间接原因主要包括：1. 相关生产经营主体安全生产责任不落实，主要体现为村民违法搭建并出租防火等级低、缺乏基本消防设施的仓库；湖南启升装饰材料有限公司租用不具备消防安全条件的仓库储存易燃可燃货物，未配备必要消防设施，未对员工进行消防安全教育培训，未安排人员白天值守，是导致火灾发生的主要原因；多个租用仓库紧密相连且无防火隔离，导致火灾损失扩大。2. 部门履行监管职责不力，包括雨花公安分局黎托派出所、雨花区东山街道安监站、雨花区公安消防大队、雨花公安分局和雨花区城管局在消防安全日常监管、隐患排查整治、执法查处等方面存在失职。3. 政府领导责任落实不够到位，雨花区东山街道办事处和雨花区人民政府对违法建筑的拆除和消防安全隐患排查整治领导不力、措施不足。,1
长洲区龙平村六组蝴蝶山仓库3·9 火灾事故调查报告,0,0,667.031643,直接原因：李某某在进行液化石油气倒灌作业过程中，用钢瓶相互倒灌液化石油气，未采取安全防护措施，处置过程中操作不当，导致液化石油气泄漏着火，引发火灾。间接原因：1. 楼某某、李某某等人非法从事燃气经营活动。在未办理建设用地规划许可和相关手续的仓库非法储存、充装液化石油气，在未取得危险货物运输经营许可证和道路危险货物运输驾驶人员从业资格证的情况下使用普通厢式货车运输液化石油气，在未取得燃气经营许可证的情况下销售液化石油气。2. 叶某某未按照相关法规建设和管理仓库。叶某某在未办理用地规划许可和其他相关手续的情况下，擅自聘请无资质施工队违法建设仓库，并将不具备安全生产条件的仓库出租。日常管理中安全生产管理责任落实不到位，对出租后的仓库用途不管不问，火灾隐患长期存在，导致火灾发生。3. 违法建筑监管环节有漏洞，隐患整改没有形成闭环。长洲镇政府会同原长洲镇国土规建环保安监站（现长洲镇乡村建设综合服务中心）及长洲区城建监察协管大队在2019年6月20日对长洲区龙平村六组蝴蝶山进行了检查，发现其违法建设等行为，并下发了责令停止国土资源违法行为通知书，但后续未采取有效措施进行制止，对违法行为也没有上报有关部门。4. 开展仓储等场所消防安全排查不彻底。2022年5月5日梧州市红树湾家具展销有限公司仓库火灾事故以来，长洲区多次部署开展仓储物流场所的专项消防安全治理工作，但龙平村村委、长洲镇政府、长洲派出所未能对辖区仓储情况进行全面排查，对涉事仓库情况底数不清，未及时发现仓库存在的消防安全隐患情况，长洲区消防救援大队未有效指导有关单位依法履行消防安全工作职责。5. 开展燃气行业安全检查不全面、不深入。龙平村村委、长洲镇政府、长洲区城市管理监督局落实燃气行业专项整治工作不够扎实，在日常检查中未能及时发现楼某某等人非法从事燃气经营活动的行为。,0
阜南县“2021·8·10”火灾事故调查,3,0,23,根据阜南县消防救援大队火灾事故认定书（南消火认字〔2021〕第 0026 号），本起事故原因认定如下：起火时间为 2021 年 8 月 10 日 1 时 45 分左右，起火部位为张文彦住宅一层西部；起火点距西墙约 1.3-3.3m、距南墙约 2.9-4.4m 范围内；起火原因可以排除雷击、自燃、小孩玩火、人为纵火、生活用火不慎、电气线路故障引发火,1
阜南县“2021·8·10”火灾事故调查报告,3,0,23,直接原因：火灾原因为遗留火种。间接原因：1. 百货店内消防安全措施不符合消防安全技术要求，经营区与住宿区设置不符合消防安全技术要求，事故场所人员违反有关规定在店内居住。2. 百货店经营者张文彦、王敏未落实消防安全主体责任，消防安全意识淡薄，经营场所用火管理不到位，二楼王敏卧室安装的防盗窗无内部开启装置。同时，王敏逃生技能不足。3. 地方政府及其有关部门消防安全监管不到位。柴集派出所履行日常消防安全监督检查职责不力。柴集镇人民政府指导督促辖区村委会及有关部门开展辖区内的消防安全隐患排查治理和宣传教育工作不力，开展消防安全大起底大排查大整改专项行动和合用场所消防安全隐患整治工作不到位。,1
阜新蒙古族自治县东梁镇西五道桥子村周某某家“4.17”亡人火灾事调查报告,1,0,0,起火原因为辽宁省阜新市阜新蒙古族自治县东梁镇西五道桥子村周某某用火不慎造成火灾。死亡原因主要是吸入大量浓烟导致死亡。火灾亡人的原因主要是当事人消防安全意识不强，当事人住宅内日常用品较多，起火点附近可燃物多，屋内火灾荷载大，导致屋内发生火灾后，迅速点燃周围可燃物，同时产生大量浓烟，火灾扩散速度极快，导致当事人无法立即逃生。,0
阜阳市太和县“2016.3.28”较大火灾事故调查报告,6,0,495,该起火灾的起火原因可排除放火、外来火源、物品自燃、雷击、玩火、电气故障的可能，是一起因当事人杨玉山过失引发的较大火灾事故。李亚安全意识淡薄，对院内堆有可燃物，存在火灾隐患视而不见，疏于防范，是事故发生的主要原因；而从2016年2月开始，陆续招聘5名业务员，擅自在自有住宅内从事药品经营活动，扩大了事故伤亡。阜阳市太和县城关镇人民政府指导督促消防安全检查工作落实不到位，对事故发生负有重要管理责任。阜阳市太和县城北派出所消防安全检查工作存在缺失，对辖区的火灾隐患没有全面排查，对非重点的消防区域疏于检查和管理，留下了防火死角，对事故发生负有重要管理责任。太和县公安消防大队督促、指导有关单位和个人落实防火责任制、及时消除火灾隐患工作不到位，对事故发生负有重要管理责任。太和县城关镇团结路社区对消防隐患排查工作落实不到位，对事故发生负有重要管理责任。,1
防城港市防城区自建房“6· 18”较大火灾事故调查报告,6,0,45.63,直接原因：罗荣德在铺面内给电动自行车充电过程中，电源插排与插座转换器之间因电气故障打火，引燃下方纸箱等可燃物引发火灾。间接原因包括：1. 业主消防安全责任未落实：店铺经营者罗荣德在“三合一”场所内违规停放电动车、堆放易燃物品并违规充电，且场所不符合消防安全技术要求，导致火势迅速扩大；屋主李伟东未明确消防安全职责、未落实消防安全防范措施，在建筑内设置了影响灭火救援和逃生的防盗网且未开设逃生窗。2. 政府及职能部门对辖区自建民房消防安全监管不力：防城区人民政府、文昌街道办事处、防城区公安分局城东派出所和火车站社区等未能严格落实消防安全责任制，未深入开展消防隐患排查整治，监管不到位，消防安全宣传教育不足。,1
阳原县井儿沟乡八马坊村“3.18”火灾事故调查报告,2,2,0,直接原因：自张勇家正房西外墙北侧至马禄家驴圈的一段进户线发生电气故障，引燃下方堆放的玉米秸秆，在大风作用下形成飞火，落到梁振林家院落内堆放的玉米秸秆上，进而蔓延成灾。间接原因：1.马禄家电气线路敷设不规范，部分线路未予以固定，长期摆动，在大风天气下发生电气故障，且电气线路下方堆放了大量玉米秸秆，导致电气线路起火后迅速蔓延。2.村民院落内均露天堆放了大量玉米秸秆等可燃物，起火后因风大，迅速蔓延成灾、 "火烧连营" 。3.报警不及时，11时40分许发生火灾，村民12时08分拨打119报警电话。4.疏散逃生意识差，梁振林、张秀萍在发现起火后，没有第一时间逃生，火势蔓延成灾后被困，最终造成伤亡。5.阳原县井儿沟乡、八马坊村消防安全 "网格化" 管理工作制度、 "小火亡人" 措施在实际工作中没有很好落实，日常消防宣传不到位。,0
阿勒泰市哈木斯特库都克分场“4·7”安新田民房火灾事故延伸调查报告,1,0,0.0353,该起火灾系安新田酒后吸烟引燃沙发可燃物蔓延成灾。主要成因包括：安新田个人消防安全意识淡薄，有酗酒、吸烟习惯；居住房屋为上世纪80年代土木结构，使用年限久，顶部使用扬尘及茅草，存在火灾隐患，极易造成蔓延；房屋内部可燃物品随意堆放，影响人员快速疏散；农村对独居、有酗酒吸烟习惯等特殊人群的管理和照顾存在不足，缺乏重点关注。,0
陈埭镇“6·1”较大火灾事故,4,0,0,直接原因：经消防部门认定，本起火灾是二层车间西北部的喷胶机内部电气线路短路产生高温熔珠引燃周边可燃物引起的。 间接原因：1.晋江市酷哥靓妹鞋业有限公司厂房未经消防验收，内部消防设施薄弱；安全生产管理混乱，员工消防安全意识淡薄；作业场所安全管理不到位，物料堆放混乱，喷胶机电源开关长期处于开启状态，机器内线路长期不规律通电导致线路老化严重；对工作人员的管理不到位，未与员工签订劳动合同，未严格禁止非工作人员进入生产车间。2.陈埭镇人民政府、晋江市公安局陈埭派出所和西滨派出所、陈埭镇梧埭村委会对晋江市酷哥靓妹鞋业有限公司厂房的消防监督检查不到位，对其存在的消防安全隐患督促整改不到位。3.陈埭镇人民政府、陈埭镇梧埭村委会督促晋江市酷哥靓妹鞋业有限公司落实安全生产制度不到位。4.陈埭镇人民政府、陈埭镇劳动保障事务所、陈埭镇梧埭村委会未检查晋江市酷哥靓妹鞋业有限公司劳动合同签订情况，未督促其依法与员工签订劳动合同。,1
隆回县桃花坪街道辰河世家小区居民住宅“12·4较大火灾事故,3,1,25.1,住户田顺生过失引起火灾。湖南佳源华冠物业服务有限公司未落实消防安全主体责任，未依法对小区消防设施进行维护，擅自停用室内消火栓，导致火灾发生时室内消火栓无水，对火灾蔓延扩大承担责任。此外，隆回县住建局、桃花坪街道、紫霞园社区、隆回县消防救援大队等多个单位及相关公职人员在消防安全监管、督促检查、履职方面存在疏忽和不到位，对事故负有直接或主要领导责任。,1
雅安市雨城区草坝镇桂花村 “6?08” 小型汽修店火灾事故调查报告,0,0,10.2,直接原因：电焊机电源线因长期超负荷运行，接头处出现过热熔化，引燃地面机油抹布，进而蔓延至配件区机油桶，引发火灾。间接原因：作业管理混乱（未办理动火作业手续，汽修店内违规堆放机油等易燃物品，焊接作业时未清理周边可燃物，未配备消防设施），基层监管缺失（村委会未将汽修店纳入“散乱污”场所排查，镇市场监督管理所未查处其无照经营行为），安全意识不足（经营者陈明未取得焊接作业资格证，未接受消防安全培训，不清楚机油易燃特性，初期灭火未优先隔离机油桶）。,0
雷山县永乐镇“2·24”火灾事故调查报告,1,0,2.36,事故直接原因为杨某杰酒后使用电加热器不当，引燃其卧室西北角靠西位置堆放的衣服等可燃物蔓延所致。造成人员死亡的主要原因是死者过度饮酒处于醉酒状态，难以进行自救。间接原因包括永乐镇党委政府统筹抓全镇农村消防安全工作有差距，排查检查安全隐患力度、频度不够，消防安全责任压得不实，对村级消防安全隐患排查的监督指导不到位；排告村两委落实消防安全责任不到位，未明确消防安全工作负责领导，未每月开展消防安全工作例会和组织开展村民住房安全隐患排查，消防宣传教育制度落实不到位，以及对“重点人群”监管不到位。,0
霞山区东新街道何某红住宅楼“1·25”较大火灾事故调查报告,4,0,6.8346,火灾原因为丁某宇使用打火机点燃住宅楼入户楼梯1层至2层转角楼梯中间平台堆放的杂物。主要致灾原因为：丁某宇缺乏消防安全意识主动点燃杂物；起火建筑入户楼梯平台堆放大量可燃物，导致火灾猛烈燃烧并产生大量有毒浓烟沿楼梯迅速蔓延；死亡人员逃生路线选择错误，盲目向下逃生吸入大量有毒高温烟气。,1
顺义区“12·19”较大火灾事故调查报告,3,0,224.93,直接原因：经侦查调查，可排除电气线路故障、生活用火不慎、明火作业、飞火和雷击引发火灾的因素，不排除外来火源所致。火灾蔓延迅速是由于大棚毡布和塑料布属于易燃材质。致害原因是火灾发生于深夜，被困人员未能及时发现起火，操作间出口被热烟气封闭，以及部分被困人员发现起火后未选择第一时间逃生，而是在收拾财物，错过了最佳逃生时机。间接原因：设施农业项目安全基础薄弱，事发大棚缺乏防火安全设计，防灭火、应急避险设备设施不健全；种植人员防火安全意识不强，大棚内堆放杂物、棚外杂草未及时清理；多数种植人员在大棚内居住，并内置生活设施。相关部门单位未有效落实安全监督管理职责，顺义区农业农村局、杨镇政府和东焦各庄村村委会对大棚火灾防范工作督促指导、属地管理和火灾隐患排查整治不到位，导致火灾隐患长期存在。,1
驻马店市开发区太阳岛洗浴休闲会馆 “11·18”较大其他爆炸事故调查报告,3,3,500,事故直接原因为桑那炉安全设计存在缺陷，在使用过程中温度控制出现异常，炉内温度、压力持续升高，导致炉腔变形、焊口爆裂，同时炉内的导热油喷出，迅即与空气混合形成可爆性混合气，在扩散中形成二次爆炸。间接原因包括：刘顺电器安全意识淡薄，未落实安全生产主体责任，未取得焊接与热切割作业操作证直接从事电焊作业，在未证明其生产的电桑那浴加热器具符合强制性国家标准的情况下生产风险隐患较高的工业产品，未经产品检验合格即出厂销售；太阳岛会馆安全生产主体责任不落实，法治观念和风险意识不强，对可能危及人体健康和人身、财产安全的工业产品缺乏质量鉴别能力，把关不严，贪图便宜通过非正常渠道购买使用电桑那浴加热器具，未能发现刘顺电器提供的质量证明文件存在冒用造假行为；安阳县白璧镇四高村村委会和安阳县白璧镇人民政府属地管理不到位，监督管理不力，隐患排查不认真、不深入；安阳县市场监管局产品质量监管不到位，执法检查流于形式，未发现并制止刘顺电器的多项违法违规行为；驻马店市经济开发区金河办事处郭庄社区居委会和金河办事处属地管理不到位，安全生产责任认识不足，隐患排查不全面不深入；驻马店市经济开发区招商局作为行业管理部门，管理不到位，未督促指导沐浴场所落实安全生产主体责任和有关安全管理规定，未能加强日常检查及时消除事故隐患。,1
高坪区龙门街道城中村 “2?13” 自建房商铺火灾事故调查报告,0,1,7.2,火灾的直接原因为城中村自建房商铺使用 “三无” 充电宝及私拉电线充电，充电宝热失控叠加电线电火花，引燃易燃装修材料及商品。灾害成因包括经营者安全意识缺失（未办理消防备案、私拉乱接电气线路、使用“三无”充电设备、商铺装修选用易燃材料、商品堆放超量、夜间未关闭充电设备），自建房监管存在漏洞（未开展专项消防排查、未及时发现违规装修和私拉线路问题、未督促配备合格消防设施），以及基础设施薄弱（市政消火栓水压不足、建筑间距过小、未设置公共消防水源及应急照明）。,0
高新区白市驿镇“1·17”渝水坊小区 火灾事故调查报告,1,0,16.04,直接原因：客厅沙发贵妃位处插线板线路故障引燃周边可燃物引发火灾。 间接原因：1. 小区消防安全管理不到位，楼栋内室内消火栓系统阀门因人为关闭导致室内消火栓无水，致使初期火灾未能得到及时有效处置。2. 居民消防安全意识及逃生自救能力弱，死者盲目的选择向浓烟聚集的安全出口处逃生，未采取正确有效的自救措施，未选择合适的逃生路线。,0
高昌区胜金乡色格库勒村4组外某“8·14”民房火灾事故调查报告,2,0,2.31175,外某住宅内起火房间热水壶电源线电气线路故障引燃周围可燃物引发火灾。,0
麻岔村民房“3·5”火灾事故调查报告,2,1,10.2858,起火原因认定为烤火炉过热引燃周边可燃物引发火灾。直接原因包括着火物（如沙发、冰箱、衣物）燃烧后产生高温及大量有毒有害气体，造成死者吸入有毒有害气体和热辐射。间接原因包括未成年人逃生自救能力不足，被困儿童因年幼无知无自救能力；成年人盲目救援，未合理判断火场形势和安全风险，是造成人员受伤的主要原因；着火建筑为木质结构，在耐火耐高温方面存在天然缺陷；起火建筑位于农村地区，道路狭窄，消防通行困难，延缓了救援处置时间。,0
黄安镇 “10?18” 乡镇秸秆打包厂火灾事故调查报告,0,0,7.8,事故直接原因为乡镇秸秆打包厂员工违规使用明火取暖，不慎将未熄灭的煤渣溅落在秸秆原料堆上，引燃秸秆原料，引发火灾。间接原因为打包厂违法违规运营（未办理工商营业执照及消防备案，使用非标电气设备及私拉线路，未禁止车间内使用明火，易燃秸秆原料随意堆放，消防通道被占用等），人员安全意识缺失（工人未接受消防安全培训，初期处置不当），以及基层监管缺位（黄安镇政府未将该厂纳入排查范围，县农业农村局未查处无照经营行为，县应急管理局未开展安全专项检查）。,0
黔江区沙坝镇石桥村“7·28”火灾事故调查报告,1,0,1.16,直接原因为堂屋磨粉机电气线路短路引燃周围可燃物引起火灾。间接原因为居民消防安全意识及逃生自救能力弱；起火建筑内电气线路大多为铝芯线，且年代久远老化严重，未及时更换电气线路；火灾发生后，死者进入起火建筑抢救财产后未能逃生，未采取正确有效的自救措施。,0
黔西县8.31火灾事故调查报告,3,13,150,直接原因：黔西县好运废品回收加工站对电动三轮车充电过程中，电源线路发生故障打火引燃周围可燃物蔓延引发火灾。间接原因：1.黔西县好运废品回收加工站经营者消防安全意识淡薄，安全用电意识不强，消防安全责任落实不到位，未按《消防法》有关规定履行消防安全职责，违规将加工、仓储、经营可燃材料场所与居住场所设置在同一建筑物内；未配备必要的消防器材。2.黔西县公安局莲城派出所未按《毕节市小型经营性场所消防安全管理规定》有关要求对本辖区小型经营性场所进行监督抽查，未发现该废品回收站已超出小型经营场所范围且未及时告知相关行业部门；未认真指导莲城社区网格员开展消防安全检查。3.黔西县莲城街道办事处未按《毕节市小型经营性场所消防安全管理规定》有关要求开展消防监督检查、宣传教育和电动自行车消防安全管理专项整治工作不力，在对该废品回收站多次的巡查检查中，未发现该废品回收站长期存在“多合一”场所火灾隐患及对电动三轮车充电不规范等问题。4.黔西县工业和信息化局（履行有商务行政管理职责）未按《再生资源回收管理办法》有关要求认真履行行业管理部门职责，未制定本辖区再生资源回收行业发展规划及再生资源回收网点规划，未对该废品回收站实施监管。5.黔西县自然资源局开展违法建筑清理整治不到位，对莲城社区拆迁划地安置自建房违法建设执法检查不力，未发现起火建筑违规加层建设的违法行为。6.黔西县人民政府对辖区内消防安全形势的严峻性认识不足，督促有关部门及下级政府依法履行消防安全职责力度不够。,1
龙口市“12?22”较大火灾事故调查报告,4,0,450,火灾直接原因为第3间房东北角取暖炉穿墙处的高温烟管引燃EPS夹芯板引发火灾。火灾发生后，EPS夹芯板燃烧速度快并产生大量有毒有害气体，室内居住人员缺乏基本的消防安全常识和疏散逃生技能，且第3间房加装防盗网，阻碍人员逃生，导致火灾后果扩大。间接原因包括龙口市龙港街道兴隆庄村、龙港街道办事处、龙口市住房和城乡建设管理局、龙口市自然资源和规划局、龙口市综合行政执法局、龙口市消防救援大队、龙口市公安局以及龙口市人民政府在违法建设治理、易燃可燃彩钢板建筑排查、建筑工程监管、规划许可监督、消防监督检查和宣传教育、隐患排查等方面的职责落实不到位，存在监管盲区和失察问题，导致该违法建设长期存在且使用了易燃可燃的EPS夹芯板。,1
龙口市自建房屋较大火灾事故调查报告,4,0,450,直接原因为第 3 间房东北角取暖炉穿墙处的高温烟管引燃 EPS 夹芯板引发火灾。火灾发生后，EPS 夹芯板燃烧速度快并产生大量有毒有害气体，室内居住人员缺乏基本的消防安全常识和疏散逃生技能，且第 3 间房加装防盗网，阻碍人员逃生，导致火灾后果扩大。间接原因为龙口市龙港街道兴隆庄村、龙港街道办事处、龙口市住房和城乡建设管理局、龙口市自然资源和规划局、龙口市综合行政执法局、龙口市消防救援大队、龙口市公安局以及龙口市人民政府在违法建设治理和彩钢板建筑排查、建筑工程及规划监管、日常巡查、消防宣传教育以及督促职能部门履行消防监管职责等方面存在落实不到位、履职不力、监管不细致、排查不严等问题，未能及时发现并查处涉事建筑的违法建设和使用易燃可燃彩钢板等违法行为。,1
龙岩市永定区城郊镇“5·19”较大火灾事故调查报告,3,0,28.41855,"起火原因系阿石补胎店南墙边金属楼梯正下方区域的汽油蒸汽遇电火花引起爆燃导致火灾发生。造成火势迅速蔓延和人员伤亡的直接原因：一是经营者长期违规使用汽油浸泡生胶片制作补胎液，并在相对封闭的金属楼梯下方存放、使用个人自制补胎液，导致汽油蒸汽聚集；二是起火建筑内电气线路敷设不规范，且电气线路在火灾发生前出现多次故障但未引起重视，导致楼梯下方区域的汽油蒸汽遇电火花引起爆燃；三是起火建筑属于典型“三合一”的场所，一层为经营、储存场所，阁楼为住宿场所，且未按规定进行防火防烟分隔，住宿场所未设置独立的安全出口或逃生口，人员疏散需通过室内钢制楼梯下至一层，导致火灾发生后，大量有毒烟气封住逃生通道，迅速扩散至住宿场所，造成无法逃生自救。

间接原因：1.起火建筑火灾隐患突出。起火建筑为采用彩钢瓦简易搭盖的违章建筑，建筑耐火等级低，防火分隔不到位，导致火灾迅速蔓延至阁楼住宿房间和相邻“小戴汽车修理店”。2.起火建筑火灾负荷大。起火建筑存放含有汽油等易燃易爆物品及汽车内胎、内胎衬垫等大量易燃可燃材料，火灾负荷大，且事故发生会产生大量的有毒浓烟，并迅速蔓延造成事故发生。3.居住人员消防安全意识淡薄。起火建筑物内违规存放、使用汽油等易燃易爆物品，电气线路偶尔有脱落，但是居住人员的对身边存在的明显火灾隐患辨别不清、重视不够；火灾发生后，起火场所内居住人员也未能立即采取有效的措施进行逃生自救，造成死亡。4.负有安全监管职责单位及其有关人员未认真履行安全监管职责，火灾隐患查处不力。一是城郊镇和东溪村及其相关部门和有关工作人员对辖区“三合一”场所的消防安全隐患排查落实不到位，致使“阿石补胎店”的消防安全隐患长期未被发现并排除；二是城郊派出所及其有关工作人员对东溪村履行消防安全职责的情况监督检查不到位，未对辖区“阿石补胎店”存在的“三合一”隐患进行排查和督促整改；三是永定区交通局及其有关工作人员开展机动车维修经营打非治违工作监督不力，致使“阿石补胎店”无证经营的非法行为长期未被查处；四是永定区国土资源局及其有关工作人员对国土资源所开展土地违法行为巡查、制止和查处等工作指导监督不力，致使“阿石补胎店”所在建筑的违法占地建设行为长期存在；五是永定区消防大队及其有关工作人员对消防安全整治专项行动工作中宣传培训工作未实行全覆盖，不彻底、不到位。",1
龙窝镇彭坊村“1?30”森林火灾调查报告,0,0,3.0666,直接原因：经公安机关依法查明，系黄汝浪于2025年1月30日当天上午到龙窝镇彭坊村洛阳片区（关帝爷神坛）祭祀时燃放鞭炮引燃山火。间接原因：一是受天气因素影响。当时我县森林火险红色预警生效中，林下可燃物载量多、易燃烧，极易引发森林火灾；二是火灾隐患清理不到位。龙窝镇彭坊村未严格落实“五清”工作要求，对洛阳片区关帝爷神坛周边可燃物清理不彻底；三是彭坊村护林员履职不到位。包干片区护林员黄**开展巡山护林工作时，未及时发现火情并处置，导致发生火情时林区无人管控，从而引发山火。,0
